write_design_id,target_model,operation,legacy_contract_id,legacy_project_id,project_id,partner_id,subject,type,legacy_contract_no,legacy_document_no,legacy_external_contract_no,legacy_status,legacy_deleted_flag,legacy_counterparty_text,rollback_key,rollback_key_value,name_policy,tax_policy,state_policy,line_policy,db_write
contract_header_slice200:0001,construction.contract,create_only,00793209b3c846658c2e4fe76e4bdf6e,4b89ee16cc58497bac061d8ae5fddd82,2348,3685,雅瑶东路教育设施建设项目（雅瑶东路小学）,out,GZS2020-04,WBHTGL-20200306-001,1000000098,2,,中建四局第一建筑工程有限公司,legacy_contract_id,00793209b3c846658c2e4fe76e4bdf6e,use_model_sequence_only_after_write_authorization,defer_to_model_defaults_or_later_tax_precheck,create_as_draft_do_not_replay_legacy_workflow,do_not_create_lines,no
contract_header_slice200:0002,construction.contract,create_only,00ae6973b10b4ea6b0c3f8f26ad06962,d6a4d48ebb62405baf97d36e9e4e228a,2742,4144,林芝市巴宜区八一镇小学运动场,out,XZQ2019-68,WBHTGL-20200318-001,1000000144,2,0,巴宜区教育局,legacy_contract_id,00ae6973b10b4ea6b0c3f8f26ad06962,use_model_sequence_only_after_write_authorization,defer_to_model_defaults_or_later_tax_precheck,create_as_draft_do_not_replay_legacy_workflow,do_not_create_lines,no
contract_header_slice200:0003,construction.contract,create_only,00bc3f0670b7414eafd9db6d86e389b6,32cdeb11726f42ec80dc90d7405ef8a3,2270,102,华西十二公司三分公司成都市成华区龙潭街道桂林村中小学项目保温采购,out,CDS2021-48,WBHTGL-20210611-001,1000000450,2,,中国华西企业股份有限公司,legacy_contract_id,00bc3f0670b7414eafd9db6d86e389b6,use_model_sequence_only_after_write_authorization,defer_to_model_defaults_or_later_tax_precheck,create_as_draft_do_not_replay_legacy_workflow,do_not_create_lines,no
contract_header_slice200:0004,construction.contract,create_only,00e8525ca2f9434d9603c63248969913,ec8e6e03ff4c40cfb4ce25cdddc7474e,2813,5871,人才公园项目正式用水新建总表工程,out,DYS2024-197,WBHTGL-20240923-048,17270743472470000,2,0,德阳市供水安装工程队,legacy_contract_id,00e8525ca2f9434d9603c63248969913,use_model_sequence_only_after_write_authorization,defer_to_model_defaults_or_later_tax_precheck,create_as_draft_do_not_replay_legacy_workflow,do_not_create_lines,no
contract_header_slice200:0005,construction.contract,create_only,0117d28e86ac4bd983543c8163ace8ac,6b4e37cd90a94055a69de211efdab846,2444,5803,热处理厂25#、26#炉区域偏跨屋顶修理,out,DYS2024-116,WBHTGL-20240716-001,17210902851680000,2,0,二重（德阳）重型装备有限公司,legacy_contract_id,0117d28e86ac4bd983543c8163ace8ac,use_model_sequence_only_after_write_authorization,defer_to_model_defaults_or_later_tax_precheck,create_as_draft_do_not_replay_legacy_workflow,do_not_create_lines,no
contract_header_slice200:0006,construction.contract,create_only,0117df6c0ec14689b7b7399bba274982,b7f07bc4b72c4cd29b5d1b445b499386,2661,3935,2021年4月安全大检查,out,DYS2021-12-13,WBHTGL-20210615-003,1000000453,2,,四川工程职业技术学院,legacy_contract_id,0117df6c0ec14689b7b7399bba274982,use_model_sequence_only_after_write_authorization,defer_to_model_defaults_or_later_tax_precheck,create_as_draft_do_not_replay_legacy_workflow,do_not_create_lines,no
contract_header_slice200:0007,construction.contract,create_only,01917c90e57a457c9c9027286f02570b,82f853994a7f4e8e9e602dda3f89691f,2511,4506,结算审核报告,out,CDS2023-02-1,WBHTGL-20231215-001,17026081797680000,2,0,成都市郫都区人民政府安德街道办事处,legacy_contract_id,01917c90e57a457c9c9027286f02570b,use_model_sequence_only_after_write_authorization,defer_to_model_defaults_or_later_tax_precheck,create_as_draft_do_not_replay_legacy_workflow,do_not_create_lines,no
contract_header_slice200:0008,construction.contract,create_only,01ac47ae75784df5aadf7da6ffbc0ab1,b7f07bc4b72c4cd29b5d1b445b499386,2661,3934,荟芳轩加固采购项目,out,DYS2025-82,WBHTGL-20250613-003,17497800748420000,2,0,四川工程职业技术大学,legacy_contract_id,01ac47ae75784df5aadf7da6ffbc0ab1,use_model_sequence_only_after_write_authorization,defer_to_model_defaults_or_later_tax_precheck,create_as_draft_do_not_replay_legacy_workflow,do_not_create_lines,no
contract_header_slice200:0009,construction.contract,create_only,01d0eac1d9234b6cbc246c4014caeb57,b7f07bc4b72c4cd29b5d1b445b499386,2661,3935,无言湖周边环境绿化、园路及路灯恢复,out,DYS2023-03-04,WBHTGL-20230104-004,1000000865,2,,四川工程职业技术学院,legacy_contract_id,01d0eac1d9234b6cbc246c4014caeb57,use_model_sequence_only_after_write_authorization,defer_to_model_defaults_or_later_tax_precheck,create_as_draft_do_not_replay_legacy_workflow,do_not_create_lines,no
contract_header_slice200:0010,construction.contract,create_only,01d2d90c0abe4cd4ad674ddb5042f4fd,6f5cacd6245346079d3cbc0f0dd078de,2449,4896,建筑门窗、幕墙工程施工图深化设计项目,out,CDS2020-53,WBHTGL-20201210-001,1000000311,2,,邛崃格润能源有限公司,legacy_contract_id,01d2d90c0abe4cd4ad674ddb5042f4fd,use_model_sequence_only_after_write_authorization,defer_to_model_defaults_or_later_tax_precheck,create_as_draft_do_not_replay_legacy_workflow,do_not_create_lines,no
contract_header_slice200:0011,construction.contract,create_only,0247f983c826484f9945751504b13739,44a080a6bc8748249e2bf6b80e78ed62,2323,5839,智慧之心项目3#楼及3#楼裙楼泡沫混凝土施工工程,out,DYS2024-238,WBHTGL-20241127-002,17326767087540000,2,0,四川省东方兴发建设集团有限公司,legacy_contract_id,0247f983c826484f9945751504b13739,use_model_sequence_only_after_write_authorization,defer_to_model_defaults_or_later_tax_precheck,create_as_draft_do_not_replay_legacy_workflow,do_not_create_lines,no
contract_header_slice200:0012,construction.contract,create_only,02793724f76b4a1ba2e12f9e4eb1b868,3713a6cc17f7489f8639d13701cb6376,2281,4919,璧山区2022年广普镇丘陵山区高标准农田改造提升示范工程试点项目五标段,out,CQS2023-19,WBHTGL-20230412-001,1000000909,2,0,重庆国隆农业科技发展有限公司,legacy_contract_id,02793724f76b4a1ba2e12f9e4eb1b868,use_model_sequence_only_after_write_authorization,defer_to_model_defaults_or_later_tax_precheck,create_as_draft_do_not_replay_legacy_workflow,do_not_create_lines,no
contract_header_slice200:0013,construction.contract,create_only,0281ca9f537b4fdfb7d7dbd4857dd2f1,8eab805030f6469fb6138c53b388ad26,2551,4354,校舍维修工程,out,DYS2023-99,WBHTGL-20230807-001,1000000986,2,0,德阳市旌阳区涪江路小学校,legacy_contract_id,0281ca9f537b4fdfb7d7dbd4857dd2f1,use_model_sequence_only_after_write_authorization,defer_to_model_defaults_or_later_tax_precheck,create_as_draft_do_not_replay_legacy_workflow,do_not_create_lines,no
contract_header_slice200:0014,construction.contract,create_only,02860be649fc4256844cdff1a03302f1,ec8e6e03ff4c40cfb4ce25cdddc7474e,2813,5871,花雨别墅19栋1-1周玉兰移表工程,out,DYS2022-16-14,WBHTGL-20220507-007,1000000648,2,,德阳市供水安装工程队,legacy_contract_id,02860be649fc4256844cdff1a03302f1,use_model_sequence_only_after_write_authorization,defer_to_model_defaults_or_later_tax_precheck,create_as_draft_do_not_replay_legacy_workflow,do_not_create_lines,no
contract_header_slice200:0015,construction.contract,create_only,0289e318abff46c084516bd75bb441d3,d673283d7f064228aa3bcdb822c8d425,2741,5788,中建天投天河区育新街南侧AT0304011-1地块项目临时路工程,out,GZS2023-49,WBHTGL-20230524-001,1000000932,2,0,中建四局第一建设有限公司,legacy_contract_id,0289e318abff46c084516bd75bb441d3,use_model_sequence_only_after_write_authorization,defer_to_model_defaults_or_later_tax_precheck,create_as_draft_do_not_replay_legacy_workflow,do_not_create_lines,no
contract_header_slice200:0016,construction.contract,create_only,02b90c824b464d49bd05d21458574915,f0548e3dd1ea48b39a60d52766f1c466,2824,4472,德阳经济技术开发区产城融合示范园区基础设施建设旌湖路 、 太湖路道路改造工程,out,DYS2022-92,WBHTGL-20221212-001,1000000836,2,,德阳经济技术开发区重点工程建设中心,legacy_contract_id,02b90c824b464d49bd05d21458574915,use_model_sequence_only_after_write_authorization,defer_to_model_defaults_or_later_tax_precheck,create_as_draft_do_not_replay_legacy_workflow,do_not_create_lines,no
contract_header_slice200:0017,construction.contract,create_only,02b96888686a492cb45f9b64064d648f,ec8e6e03ff4c40cfb4ce25cdddc7474e,2813,5871,佛山街二段55号(左毅）分户工程,out,DYS2022-16-15,WBHTGL-20220507-008,1000000649,2,,德阳市供水安装工程队,legacy_contract_id,02b96888686a492cb45f9b64064d648f,use_model_sequence_only_after_write_authorization,defer_to_model_defaults_or_later_tax_precheck,create_as_draft_do_not_replay_legacy_workflow,do_not_create_lines,no
contract_header_slice200:0018,construction.contract,create_only,039c1e19f43f4ad79c191ef201a3337e,98af7d7c7a6247bfa410c4e081af4469,2574,4183,广元昭化食品产业发展重点园区,out,GYS2018-02,WBHTGL-20200305-005,1000000096,2,,广元市昭化区华瑞投资开发有限公司,legacy_contract_id,039c1e19f43f4ad79c191ef201a3337e,use_model_sequence_only_after_write_authorization,defer_to_model_defaults_or_later_tax_precheck,create_as_draft_do_not_replay_legacy_workflow,do_not_create_lines,no
contract_header_slice200:0019,construction.contract,create_only,03b3ddc568e647dba65a6475e9148f59,b7f07bc4b72c4cd29b5d1b445b499386,2661,3935,修建钢丝网围墙,out,DYS2020-07-12,WBHTGL-20200813-001,1000000236,2,,四川工程职业技术学院,legacy_contract_id,03b3ddc568e647dba65a6475e9148f59,use_model_sequence_only_after_write_authorization,defer_to_model_defaults_or_later_tax_precheck,create_as_draft_do_not_replay_legacy_workflow,do_not_create_lines,no
contract_header_slice200:0020,construction.contract,create_only,03c34d34fea748f6bd892980dfe06452,4b7a21220a1040129a798b604acdf5f1,2346,4892,全国新增1000亿斤粮食生产能力安居区2018年田间工程建设项目二标段,out,SNS2018-17,WBHTGL-20200229-009,1000000043,2,,遂宁市安居土壤肥料与生态工作站,legacy_contract_id,03c34d34fea748f6bd892980dfe06452,use_model_sequence_only_after_write_authorization,defer_to_model_defaults_or_later_tax_precheck,create_as_draft_do_not_replay_legacy_workflow,do_not_create_lines,no
contract_header_slice200:0021,construction.contract,create_only,03cb1d4a42894852bb35489f493f0794,6b4e37cd90a94055a69de211efdab846,2444,4402,万航模锻厂房立柱刷漆工程,out,DYS2025-216,WBHTGL-20251201-001,17645582772180000,2,0,德阳市重光机电设备有限公司,legacy_contract_id,03cb1d4a42894852bb35489f493f0794,use_model_sequence_only_after_write_authorization,defer_to_model_defaults_or_later_tax_precheck,create_as_draft_do_not_replay_legacy_workflow,do_not_create_lines,no
contract_header_slice200:0022,construction.contract,create_only,03ce07f8f6034c0fb9129b18f30e67e9,9ebba094a48443a39dd7e1421da8dfbb,2588,4410,德阳市黄河路小学校食堂燃气报警系统安装,out,DYS2025-173,WBHTGL-20251014-001,17604352534290000,2,0,德阳市黄河路小学校,legacy_contract_id,03ce07f8f6034c0fb9129b18f30e67e9,use_model_sequence_only_after_write_authorization,defer_to_model_defaults_or_later_tax_precheck,create_as_draft_do_not_replay_legacy_workflow,do_not_create_lines,no
contract_header_slice200:0023,construction.contract,create_only,03ea5994a14e442bae1716490c5b06c6,1e8cf6baef1d4627adb1a1d68231ba1e,2205,5797,中铁八局集团有限公司德阳经开区市政道路工程(齐湖路、黔江街)土石方工程建设工程施工专业分包合同,out,DYS2024-122,WBHTGL-20240725-001,17218717206320000,2,0,中铁八局集团有限公司,legacy_contract_id,03ea5994a14e442bae1716490c5b06c6,use_model_sequence_only_after_write_authorization,defer_to_model_defaults_or_later_tax_precheck,create_as_draft_do_not_replay_legacy_workflow,do_not_create_lines,no
contract_header_slice200:0024,construction.contract,create_only,03fcfca6e19b49a49b3b3a6215d33309,6b4e37cd90a94055a69de211efdab846,2444,5803,万航模锻天然气管道安全改造,out,DYS2024-178,WBHTGL-20240923-028,17270598259970000,2,0,二重（德阳）重型装备有限公司,legacy_contract_id,03fcfca6e19b49a49b3b3a6215d33309,use_model_sequence_only_after_write_authorization,defer_to_model_defaults_or_later_tax_precheck,create_as_draft_do_not_replay_legacy_workflow,do_not_create_lines,no
contract_header_slice200:0025,construction.contract,create_only,04069e0c6f7440dd951197b5d206ed4a,ec8e6e03ff4c40cfb4ce25cdddc7474e,2813,5871,秦岭南路33号东山美庐墅城66栋程香移表工程,out,DYS2024-194,WBHTGL-20240923-045,17270741434970000,2,0,德阳市供水安装工程队,legacy_contract_id,04069e0c6f7440dd951197b5d206ed4a,use_model_sequence_only_after_write_authorization,defer_to_model_defaults_or_later_tax_precheck,create_as_draft_do_not_replay_legacy_workflow,do_not_create_lines,no
contract_header_slice200:0026,construction.contract,create_only,04286d3b1cda4cbb9c63ec4b43d20c4a,d502c2489723449486522eca798884fa,2736,3656,中国移动四川公司成都分公司2021-2022年渠道维修采购项目框架协议,out,CDS2021-25,WBHTGL-20210413-001,1000000403,2,,中国移动通信集团四川有限公司成都分公司,legacy_contract_id,04286d3b1cda4cbb9c63ec4b43d20c4a,use_model_sequence_only_after_write_authorization,defer_to_model_defaults_or_later_tax_precheck,create_as_draft_do_not_replay_legacy_workflow,do_not_create_lines,no
contract_header_slice200:0027,construction.contract,create_only,044d49a798284509825fc35cdd19f71a,9ebba094a48443a39dd7e1421da8dfbb,2588,4368,德阳市玉皇观厨房燃气报警系统安装,out,DYS2025-208,WBHTGL-20251124-002,17639692755940000,2,0,德阳市玉皇观,legacy_contract_id,044d49a798284509825fc35cdd19f71a,use_model_sequence_only_after_write_authorization,defer_to_model_defaults_or_later_tax_precheck,create_as_draft_do_not_replay_legacy_workflow,do_not_create_lines,no
contract_header_slice200:0028,construction.contract,create_only,049079477aea4548bc0513373dc4320a,cfca2fd82f1242f3806057b2900d06b0,2722,4733,舒坪社区管网修复工程,out,MSS2025-18,WBHTGL-20250221-003,17401205799370000,2,0,眉山环天水务有限公司,legacy_contract_id,049079477aea4548bc0513373dc4320a,use_model_sequence_only_after_write_authorization,defer_to_model_defaults_or_later_tax_precheck,create_as_draft_do_not_replay_legacy_workflow,do_not_create_lines,no
contract_header_slice200:0029,construction.contract,create_only,05578ff7f27540e7998e1e07996d23b6,7ae92d3ae6a34881b96e7aa1aaa53e87,2487,3968,城南壹号3区·央堂（一期）安装工程专业分包,out,DYS2025-140,WBHTGL-20250901-003,17567087995770000,2,0,四川智泽云天建筑工程有限公司,legacy_contract_id,05578ff7f27540e7998e1e07996d23b6,use_model_sequence_only_after_write_authorization,defer_to_model_defaults_or_later_tax_precheck,create_as_draft_do_not_replay_legacy_workflow,do_not_create_lines,no
contract_header_slice200:0030,construction.contract,create_only,0576ab6274b342a7ae8fa30d45fb5ed5,9ebba094a48443a39dd7e1421da8dfbb,2588,4270,德阳市人民政府厨房燃气报警系统安装工程,out,DYS2026-08,WBHTGL-20260116-001,17685482854480000,2,0,德阳市人民政府办公室,legacy_contract_id,0576ab6274b342a7ae8fa30d45fb5ed5,use_model_sequence_only_after_write_authorization,defer_to_model_defaults_or_later_tax_precheck,create_as_draft_do_not_replay_legacy_workflow,do_not_create_lines,no
contract_header_slice200:0031,construction.contract,create_only,058a36bee2b54ec38260a9ae2794e4f6,ec8e6e03ff4c40cfb4ce25cdddc7474e,2813,5871,亨通精密新材料项目施工用水工程,out,DYS2022-16-10,WBHTGL-20220507-003,1000000644,2,,德阳市供水安装工程队,legacy_contract_id,058a36bee2b54ec38260a9ae2794e4f6,use_model_sequence_only_after_write_authorization,defer_to_model_defaults_or_later_tax_precheck,create_as_draft_do_not_replay_legacy_workflow,do_not_create_lines,no
contract_header_slice200:0032,construction.contract,create_only,05936c896ad9457ea7c4a61277e5d861,b7f07bc4b72c4cd29b5d1b445b499386,2661,3935,2020年工程学院项目,out,DYS2020-07-03,WBHTGL-20200526-001,1000000198,2,,四川工程职业技术学院,legacy_contract_id,05936c896ad9457ea7c4a61277e5d861,use_model_sequence_only_after_write_authorization,defer_to_model_defaults_or_later_tax_precheck,create_as_draft_do_not_replay_legacy_workflow,do_not_create_lines,no
contract_header_slice200:0033,construction.contract,create_only,061cb7d1466f41c38685780367d13c1e,9ebba094a48443a39dd7e1421da8dfbb,2588,4248,泰山路加气站、德什加气站燃气报警器、风机联动（系统）安装工程,out,DYS2024-240,WBHTGL-20241114-001,17315493169740000,2,0,德阳华润燃气有限公司,legacy_contract_id,061cb7d1466f41c38685780367d13c1e,use_model_sequence_only_after_write_authorization,defer_to_model_defaults_or_later_tax_precheck,create_as_draft_do_not_replay_legacy_workflow,do_not_create_lines,no
contract_header_slice200:0034,construction.contract,create_only,061fac39592e451e918c50006def9dff,6b4e37cd90a94055a69de211efdab846,2444,3663,模锻厂-水泥地坪整治,out,DYS2025-06,WBHTGL-20250110-001,17364906566720000,2,0,中国第二重型机械集团德阳万航模锻有限责任公司,legacy_contract_id,061fac39592e451e918c50006def9dff,use_model_sequence_only_after_write_authorization,defer_to_model_defaults_or_later_tax_precheck,create_as_draft_do_not_replay_legacy_workflow,do_not_create_lines,no
contract_header_slice200:0035,construction.contract,create_only,0632499e1d6548d28e052d8372d76a0c,8a37f6f69a15444d97084d605610d841,2538,4067,长虹技佳重庆分公司彩钢棚搭建项目,out,CQS2025-186,WBHTGL-20251104-001,17622280995730000,2,0,四川长虹技佳精工有限公司重庆分公司,legacy_contract_id,0632499e1d6548d28e052d8372d76a0c,use_model_sequence_only_after_write_authorization,defer_to_model_defaults_or_later_tax_precheck,create_as_draft_do_not_replay_legacy_workflow,do_not_create_lines,no
contract_header_slice200:0036,construction.contract,create_only,0676125766004364bef1cbd0c10a9297,6afb33672c394b2984b82f859550575b,2441,4741,翡翠湾售楼部改造工程,out,PZH2021-76,WBHTGL-20210913-001,1000000503,2,,米易龙信房地产开发有限责任公司,legacy_contract_id,0676125766004364bef1cbd0c10a9297,use_model_sequence_only_after_write_authorization,defer_to_model_defaults_or_later_tax_precheck,create_as_draft_do_not_replay_legacy_workflow,do_not_create_lines,no
contract_header_slice200:0037,construction.contract,create_only,06787052aaff465a955be58b0f35a922,6b4e37cd90a94055a69de211efdab846,2444,3663,模锻厂-800MN现场显示大屏维护,out,DYS2025-188,WBHTGL-20251105-002,17623068124170000,2,0,中国第二重型机械集团德阳万航模锻有限责任公司,legacy_contract_id,06787052aaff465a955be58b0f35a922,use_model_sequence_only_after_write_authorization,defer_to_model_defaults_or_later_tax_precheck,create_as_draft_do_not_replay_legacy_workflow,do_not_create_lines,no
contract_header_slice200:0038,construction.contract,create_only,067d7dfbdbe14ef9bef1a3b9bed3f874,ec8e6e03ff4c40cfb4ce25cdddc7474e,2813,5871,东电三区北江街87号62栋1单元迁管工程,out,DYS2022-16-79,WBHTGL-20221117-017,1000000815,2,,德阳市供水安装工程队,legacy_contract_id,067d7dfbdbe14ef9bef1a3b9bed3f874,use_model_sequence_only_after_write_authorization,defer_to_model_defaults_or_later_tax_precheck,create_as_draft_do_not_replay_legacy_workflow,do_not_create_lines,no
contract_header_slice200:0039,construction.contract,create_only,068f787710634c069a77256bd7195b32,412983e6b51f4ee294e20096b18c608d,2314,4953,结算差额金额-65641.84,out,CQS2022-62-1,WBHTGL-20231206-002,17018558777820000,2,0,重庆市渝北区新桥水库管理所,legacy_contract_id,068f787710634c069a77256bd7195b32,use_model_sequence_only_after_write_authorization,defer_to_model_defaults_or_later_tax_precheck,create_as_draft_do_not_replay_legacy_workflow,do_not_create_lines,no
contract_header_slice200:0040,construction.contract,create_only,0691a60983954f689ca8134d98f7caf3,8394414a2c9548ff91c728854b0f972d,2514,552,北新国际冷链商贸物流项目E地块E3#-1、E4#-1总平工程专业分包,out,DYS2023-148,WBHTGL-20231019-001,16976796208730000,2,0,四川中彩源建设工程有限公司,legacy_contract_id,0691a60983954f689ca8134d98f7caf3,use_model_sequence_only_after_write_authorization,defer_to_model_defaults_or_later_tax_precheck,create_as_draft_do_not_replay_legacy_workflow,do_not_create_lines,no
contract_header_slice200:0041,construction.contract,create_only,06b9f6d1c75b469297a8a9f3d95777ef,6b4e37cd90a94055a69de211efdab846,2444,3663,模具加热炉基础及搬迁工程,out,DYS2023-95,WBHTGL-20230728-004,1000000982,2,0,中国第二重型机械集团德阳万航模锻有限责任公司,legacy_contract_id,06b9f6d1c75b469297a8a9f3d95777ef,use_model_sequence_only_after_write_authorization,defer_to_model_defaults_or_later_tax_precheck,create_as_draft_do_not_replay_legacy_workflow,do_not_create_lines,no
contract_header_slice200:0042,construction.contract,create_only,06ec94bb728f4997918eeb6225669d33,7967194e66c2442390f25050c5a859d7,2481,5045,石鸡水电站尾水区右岸挡墙加固处理,out,GSS2022-10,WBHTGL-20220110-002,1000000584,2,,陇南市文江水电有限公司,legacy_contract_id,06ec94bb728f4997918eeb6225669d33,use_model_sequence_only_after_write_authorization,defer_to_model_defaults_or_later_tax_precheck,create_as_draft_do_not_replay_legacy_workflow,do_not_create_lines,no
contract_header_slice200:0043,construction.contract,create_only,06f516a6ac5f4d8191fc44b4063dabb6,dab94e2764674db5849b05f9b06714bb,2751,5792,中江县殡仪馆提档改建项目工程,out,DYS2020-10,WBHTGL-20200413-001,1000000170,2,,中江县殡仪馆,legacy_contract_id,06f516a6ac5f4d8191fc44b4063dabb6,use_model_sequence_only_after_write_authorization,defer_to_model_defaults_or_later_tax_precheck,create_as_draft_do_not_replay_legacy_workflow,do_not_create_lines,no
contract_header_slice200:0044,construction.contract,create_only,06f533ea2a754dcca7ccab23eef86b32,e4bccb1e4815421ba8c8778fc30f6077,2786,5867,四川金鑫公司职工家属区“三供一业”分离移交物业设施维修改造项目（南区）,out,DYS2022-02,WBHTGL-20220114-002,1000000591,2,,德阳国信建设工程有限公司,legacy_contract_id,06f533ea2a754dcca7ccab23eef86b32,use_model_sequence_only_after_write_authorization,defer_to_model_defaults_or_later_tax_precheck,create_as_draft_do_not_replay_legacy_workflow,do_not_create_lines,no
contract_header_slice200:0045,construction.contract,create_only,074ced9cda844c49994807ad95d99ab4,ec8e6e03ff4c40cfb4ce25cdddc7474e,2813,5871,德阳市旌海建设投资有限公司.绵远河生态整治工程绿化用水新建总表工程,out,DYS2020-59-04,WBHTGL-20201225-005,1000000325,2,,德阳市供水安装工程队,legacy_contract_id,074ced9cda844c49994807ad95d99ab4,use_model_sequence_only_after_write_authorization,defer_to_model_defaults_or_later_tax_precheck,create_as_draft_do_not_replay_legacy_workflow,do_not_create_lines,no
contract_header_slice200:0046,construction.contract,create_only,076d7cff9dc04ff19a7afc4d4babe1e2,6b4e37cd90a94055a69de211efdab846,2444,3663,现场整治-热处理厂4跨、5跨(民航跨、中跨)原职工休息 室、交接班室、集中控制室改造。,out,DYS2024-106,WBHTGL-20240701-001,17197973235550000,2,0,中国第二重型机械集团德阳万航模锻有限责任公司,legacy_contract_id,076d7cff9dc04ff19a7afc4d4babe1e2,use_model_sequence_only_after_write_authorization,defer_to_model_defaults_or_later_tax_precheck,create_as_draft_do_not_replay_legacy_workflow,do_not_create_lines,no
contract_header_slice200:0047,construction.contract,create_only,07d892ba9d5846878f4bc508e5fb3d05,ec8e6e03ff4c40cfb4ce25cdddc7474e,2813,5871,德阳企策商业运营管理有限公司关闭自备水工程,out,DYS2022-16-69,WBHTGL-20221117-008,1000000806,2,,德阳市供水安装工程队,legacy_contract_id,07d892ba9d5846878f4bc508e5fb3d05,use_model_sequence_only_after_write_authorization,defer_to_model_defaults_or_later_tax_precheck,create_as_draft_do_not_replay_legacy_workflow,do_not_create_lines,no
contract_header_slice200:0048,construction.contract,create_only,07dcc5364957497fa570b929f30410e8,6b4e37cd90a94055a69de211efdab846,2444,3663,热处理厂-电瓶车轨道配电箱整改、办公楼安装门禁及门卫参观改造项目,out,DYS2024-95,WBHTGL-20240529-003,17169518108680000,2,0,中国第二重型机械集团德阳万航模锻有限责任公司,legacy_contract_id,07dcc5364957497fa570b929f30410e8,use_model_sequence_only_after_write_authorization,defer_to_model_defaults_or_later_tax_precheck,create_as_draft_do_not_replay_legacy_workflow,do_not_create_lines,no
contract_header_slice200:0049,construction.contract,create_only,07ed6ad0bc0b4262ba6953e4d5f8463f,b69a287978ee4573b1b21768e3868581,2657,4434,德阳市旌阳区中医院门诊综合大楼项目及住院综合大楼项目,out,DYS2023-13,WBHTGL-20230118-003,1000000879,2,0,德阳方兴建设有限责任公司,legacy_contract_id,07ed6ad0bc0b4262ba6953e4d5f8463f,use_model_sequence_only_after_write_authorization,defer_to_model_defaults_or_later_tax_precheck,create_as_draft_do_not_replay_legacy_workflow,do_not_create_lines,no
contract_header_slice200:0050,construction.contract,create_only,086c56ca06274d91ba9be8704dd13bd1,ec8e6e03ff4c40cfb4ce25cdddc7474e,2813,5871,德阳锦利房地产开发有限公司新建户表工程,out,DYS2022-16-3,WBHTGL-20220119-005,1000000599,2,,德阳市供水安装工程队,legacy_contract_id,086c56ca06274d91ba9be8704dd13bd1,use_model_sequence_only_after_write_authorization,defer_to_model_defaults_or_later_tax_precheck,create_as_draft_do_not_replay_legacy_workflow,do_not_create_lines,no
contract_header_slice200:0051,construction.contract,create_only,08729530ea204a6b89afaf285976b028,d2fbb60741f64cd99c82017452a54663,2729,3724,2023 年新疆后峡、硫磺沟区块 4 口井土地复垦 项目,out,XJ2023-106,WBHTGL-20230815-001,1000000993,2,0,中石油煤层气有限责任公司新疆项目经理部,legacy_contract_id,08729530ea204a6b89afaf285976b028,use_model_sequence_only_after_write_authorization,defer_to_model_defaults_or_later_tax_precheck,create_as_draft_do_not_replay_legacy_workflow,do_not_create_lines,no
contract_header_slice200:0052,construction.contract,create_only,087d5daff0ec4bdcadc8a4d23d811f96,6b4e37cd90a94055a69de211efdab846,2444,3663,模锻厂800MN安全道刷漆,out,DYS2025-22,WBHTGL-20250226-002,17405529934840000,2,0,中国第二重型机械集团德阳万航模锻有限责任公司,legacy_contract_id,087d5daff0ec4bdcadc8a4d23d811f96,use_model_sequence_only_after_write_authorization,defer_to_model_defaults_or_later_tax_precheck,create_as_draft_do_not_replay_legacy_workflow,do_not_create_lines,no
contract_header_slice200:0053,construction.contract,create_only,089a6a2f628a4823bc016d31166f0a7a,292584f7b81f40579ab90504983a05fc,2241,4842,蓬溪县汽车城二期建设项目,out,SNS2019-43,WBHTGL-20200228-004,1000000031,2,,蓬溪县鸿源投资有限责任公司,legacy_contract_id,089a6a2f628a4823bc016d31166f0a7a,use_model_sequence_only_after_write_authorization,defer_to_model_defaults_or_later_tax_precheck,create_as_draft_do_not_replay_legacy_workflow,do_not_create_lines,no
contract_header_slice200:0054,construction.contract,create_only,08bd09218e70431fb3fdfb59352a913b,8a17b9ff95fc42b696dc7c91938904dc,2537,4759,绵阳市公安局高新技术产业开发区分局磨家派出所改造工程,out,MYS2024-103,WBHTGL-20240625-002,17192959384920000,2,0,绵阳市公安局高新技术产业开发区分局,legacy_contract_id,08bd09218e70431fb3fdfb59352a913b,use_model_sequence_only_after_write_authorization,defer_to_model_defaults_or_later_tax_precheck,create_as_draft_do_not_replay_legacy_workflow,do_not_create_lines,no
contract_header_slice200:0055,construction.contract,create_only,09442126898c460883e83c71c276f5bc,b7f07bc4b72c4cd29b5d1b445b499386,2661,3935,2023年校园木质品等维修项目,out,DYS2023-172,WBHTGL-20231120-002,17004454784720000,2,0,四川工程职业技术学院,legacy_contract_id,09442126898c460883e83c71c276f5bc,use_model_sequence_only_after_write_authorization,defer_to_model_defaults_or_later_tax_precheck,create_as_draft_do_not_replay_legacy_workflow,do_not_create_lines,no
contract_header_slice200:0056,construction.contract,create_only,094732a1004844bbaa2a34cb6445a43d,1914e7b88af24bf0adc89495e5233c60,2188,4328,德阳市旌阳区供水建设项目消防作业（柏隆净水厂）,out,DYS2026-05,WBHTGL-20260107-001,17677564282460000,2,0,德阳市旌合建设工程有限公司,legacy_contract_id,094732a1004844bbaa2a34cb6445a43d,use_model_sequence_only_after_write_authorization,defer_to_model_defaults_or_later_tax_precheck,create_as_draft_do_not_replay_legacy_workflow,do_not_create_lines,no
contract_header_slice200:0057,construction.contract,create_only,09914aff70af41beb73d25c6098d14aa,573f606161ae486ba27422b42781f1dc,2392,3705,中江县御河中学校新建学生宿舍、附属工程及设备购置建设项目,out,DYS2022-86,WBHTGL-20221101-001,1000000787,2,,中江县御河中学校,legacy_contract_id,09914aff70af41beb73d25c6098d14aa,use_model_sequence_only_after_write_authorization,defer_to_model_defaults_or_later_tax_precheck,create_as_draft_do_not_replay_legacy_workflow,do_not_create_lines,no
contract_header_slice200:0058,construction.contract,create_only,09bc7f533d534d93b0ca47dd5c3195c2,6b4e37cd90a94055a69de211efdab846,2444,3955,万航模锻建（构）筑物结构加固工程---厂房屋顶及柱子维修分包,out,DYS2025-05,WBHTGL-20250109-001,17363901653590000,2,0,四川新众建筑加固工程有限公司,legacy_contract_id,09bc7f533d534d93b0ca47dd5c3195c2,use_model_sequence_only_after_write_authorization,defer_to_model_defaults_or_later_tax_precheck,create_as_draft_do_not_replay_legacy_workflow,do_not_create_lines,no
contract_header_slice200:0059,construction.contract,create_only,09fa2aecb7a24fe796c83451e8a14910,ec8e6e03ff4c40cfb4ce25cdddc7474e,2813,5871,德阳市天湖银杏苑户表改造工程,out,DYS2022-16-85,WBHTGL-20221227-004,1000000847,2,,德阳市供水安装工程队,legacy_contract_id,09fa2aecb7a24fe796c83451e8a14910,use_model_sequence_only_after_write_authorization,defer_to_model_defaults_or_later_tax_precheck,create_as_draft_do_not_replay_legacy_workflow,do_not_create_lines,no
contract_header_slice200:0060,construction.contract,create_only,0a25305b32e544f9892180b549f873cc,0f3c19a871e446fc8cc9781f108d58e5,2157,3969,米易县南部新城市政道路及生态湿地公园PPP项目-湿地公园建设项目,out,PZH2020-20-02,WBHTGL-20230327-001,1000000902,2,,四川曜道杰建筑工程有限公司,legacy_contract_id,0a25305b32e544f9892180b549f873cc,use_model_sequence_only_after_write_authorization,defer_to_model_defaults_or_later_tax_precheck,create_as_draft_do_not_replay_legacy_workflow,do_not_create_lines,no
contract_header_slice200:0061,construction.contract,create_only,0a63d55a32454334a48fc28997e27a80,a3f1efed66944330a8825ac889c5cb86,2609,3665,单体建筑安全防护设施维修改造项目,out,CDS2025-176,WBHTGL-20251017-001,17606911358350000,2,0,中国航发成都发动机有限公司,legacy_contract_id,0a63d55a32454334a48fc28997e27a80,use_model_sequence_only_after_write_authorization,defer_to_model_defaults_or_later_tax_precheck,create_as_draft_do_not_replay_legacy_workflow,do_not_create_lines,no
contract_header_slice200:0062,construction.contract,create_only,0aa222806832441e8d39f9523c9988a6,ec8e6e03ff4c40cfb4ce25cdddc7474e,2813,5871,美家精品酒店分户工程,out,DYS2022-16-80,WBHTGL-20221117-018,1000000816,2,,德阳市供水安装工程队,legacy_contract_id,0aa222806832441e8d39f9523c9988a6,use_model_sequence_only_after_write_authorization,defer_to_model_defaults_or_later_tax_precheck,create_as_draft_do_not_replay_legacy_workflow,do_not_create_lines,no
contract_header_slice200:0063,construction.contract,create_only,0ac66e46207842738592390105828cf3,ec8e6e03ff4c40cfb4ce25cdddc7474e,2813,5871,四川德阳金球机械有限公司分户工程,out,DYS2022-16-17,WBHTGL-20220507-010,1000000651,2,,德阳市供水安装工程队,legacy_contract_id,0ac66e46207842738592390105828cf3,use_model_sequence_only_after_write_authorization,defer_to_model_defaults_or_later_tax_precheck,create_as_draft_do_not_replay_legacy_workflow,do_not_create_lines,no
contract_header_slice200:0064,construction.contract,create_only,0b124af5e7d2476e9ab6cf90fc538781,b7f07bc4b72c4cd29b5d1b445b499386,2661,3935,校园环境零星维修合同金额在5万元以下（不含5万元）,out,DYS2023-173,WBHTGL-20231120-003,17004457880930000,2,0,四川工程职业技术学院,legacy_contract_id,0b124af5e7d2476e9ab6cf90fc538781,use_model_sequence_only_after_write_authorization,defer_to_model_defaults_or_later_tax_precheck,create_as_draft_do_not_replay_legacy_workflow,do_not_create_lines,no
contract_header_slice200:0065,construction.contract,create_only,0b185d3698ba4a87ac954fcb05920e8e,d306ec31828d4c3eabf63d75a7c1b448,2730,4837,莎车县艾力西湖镇拜什库都克（12）村农村污水治理建设项目,out,XJ2024-246,WBHTGL-20241129-001,17328630212380000,2,0,莎车县艾力西湖镇人民政府,legacy_contract_id,0b185d3698ba4a87ac954fcb05920e8e,use_model_sequence_only_after_write_authorization,defer_to_model_defaults_or_later_tax_precheck,create_as_draft_do_not_replay_legacy_workflow,do_not_create_lines,no
contract_header_slice200:0066,construction.contract,create_only,0b196b3f5f8a46ee99fdc05a3bbb7084,14fe0f48d2af4716b1b3b24f8a4286c8,2173,4209,广汉市郑州路东段雨污水管网工程,out,DYS2018-45,WBHTGL-20200302-002,1000000077,2,,广汉市住房和城乡规划建设局,legacy_contract_id,0b196b3f5f8a46ee99fdc05a3bbb7084,use_model_sequence_only_after_write_authorization,defer_to_model_defaults_or_later_tax_precheck,create_as_draft_do_not_replay_legacy_workflow,do_not_create_lines,no
contract_header_slice200:0067,construction.contract,create_only,0b65a51353fc4dec85fef0a3d5f69cb6,6b4e37cd90a94055a69de211efdab846,2444,5803,炼钢厂机修间休息室重建项目-拆除原有炼钢厂机修间休息室,out,DYS2025-212,WBHTGL-20251127-001,17642151003130000,1,0,二重（德阳）重型装备有限公司,legacy_contract_id,0b65a51353fc4dec85fef0a3d5f69cb6,use_model_sequence_only_after_write_authorization,defer_to_model_defaults_or_later_tax_precheck,create_as_draft_do_not_replay_legacy_workflow,do_not_create_lines,no
contract_header_slice200:0068,construction.contract,create_only,0bc3d9635d5d47fba85d405c036c7579,8023626ac42a4b898b22735e281c8608,2502,4434,渭河路（庐山北路至秦岭山北路）道路改造工程道路水稳层材料供应和施工,out,DYS2022-110,WBHTGL-20221226-002,1000000842,2,,德阳方兴建设有限责任公司,legacy_contract_id,0bc3d9635d5d47fba85d405c036c7579,use_model_sequence_only_after_write_authorization,defer_to_model_defaults_or_later_tax_precheck,create_as_draft_do_not_replay_legacy_workflow,do_not_create_lines,no
contract_header_slice200:0069,construction.contract,create_only,0c0d568ba1b04b81a999a9e9e745dfb5,35d5e3007cae414ebdcf9b2dc65d84b4,2277,3996,万兴一品一组3#楼区域景观土建增加工程,out,DYS2020-21,WBHTGL-20201014-002,1000000254,2,,四川益丰房地产开发有限公司,legacy_contract_id,0c0d568ba1b04b81a999a9e9e745dfb5,use_model_sequence_only_after_write_authorization,defer_to_model_defaults_or_later_tax_precheck,create_as_draft_do_not_replay_legacy_workflow,do_not_create_lines,no
contract_header_slice200:0070,construction.contract,create_only,0c83b7ad892e4302b14325d470afa4ac,6b4e37cd90a94055a69de211efdab846,2444,5803,热处理厂老厂房防水治漏合同,out,DYS2024-77,WBHTGL-20240511-004,17153986338050000,2,0,二重（德阳）重型装备有限公司,legacy_contract_id,0c83b7ad892e4302b14325d470afa4ac,use_model_sequence_only_after_write_authorization,defer_to_model_defaults_or_later_tax_precheck,create_as_draft_do_not_replay_legacy_workflow,do_not_create_lines,no
contract_header_slice200:0071,construction.contract,create_only,0cb3a32f73c94a41a229a2f69aa2f74a,ec8e6e03ff4c40cfb4ce25cdddc7474e,2813,5871,四川寸草心健康管理有限公司千佛村14组扩容工程,out,DYS2024-30,WBHTGL-20240124-009,17060679718110000,2,0,德阳市供水安装工程队,legacy_contract_id,0cb3a32f73c94a41a229a2f69aa2f74a,use_model_sequence_only_after_write_authorization,defer_to_model_defaults_or_later_tax_precheck,create_as_draft_do_not_replay_legacy_workflow,do_not_create_lines,no
contract_header_slice200:0072,construction.contract,create_only,0cc43dec855543fdba297a83078e6893,5de86b43f29448b9822ccef8c2c5edc5,2410,4734,石柱县沿溪镇滨江社区居住环境改善工程,out,CQS2023-70,WBHTGL-20230704-001,1000000957,2,0,石柱土家族自治县水利工程服务站,legacy_contract_id,0cc43dec855543fdba297a83078e6893,use_model_sequence_only_after_write_authorization,defer_to_model_defaults_or_later_tax_precheck,create_as_draft_do_not_replay_legacy_workflow,do_not_create_lines,no
contract_header_slice200:0073,construction.contract,create_only,0d4cf942f00a47429c46d037dd4f8318,ec8e6e03ff4c40cfb4ce25cdddc7474e,2813,5871,帝景峰陈忠直饮机分户工程,out,DYS2022-16-34,WBHTGL-20220726-012,1000000709,2,,德阳市供水安装工程队,legacy_contract_id,0d4cf942f00a47429c46d037dd4f8318,use_model_sequence_only_after_write_authorization,defer_to_model_defaults_or_later_tax_precheck,create_as_draft_do_not_replay_legacy_workflow,do_not_create_lines,no
contract_header_slice200:0074,construction.contract,create_only,0dc6492a875447fa83fac057f3ef1986,e7d967ab98084a1bb1efdb2e0cd7674c,2795,4437,黄河环卫中转站车棚改造项目,out,DYS2025-145,WBHTGL-20250905-002,17570392931860000,2,0,德阳旌信城市管理服务股份有限公司,legacy_contract_id,0dc6492a875447fa83fac057f3ef1986,use_model_sequence_only_after_write_authorization,defer_to_model_defaults_or_later_tax_precheck,create_as_draft_do_not_replay_legacy_workflow,do_not_create_lines,no
contract_header_slice200:0075,construction.contract,create_only,0def38bcfb8f4065aa8f8bdadf41ed02,9ebba094a48443a39dd7e1421da8dfbb,2588,4416,德阳开发区六月雪干锅凯德店燃气报警系统安装,out,DYS2024-05,WBHTGL-20240117-001,17054620873290000,2,0,德阳开发区六月雪干锅凯德店,legacy_contract_id,0def38bcfb8f4065aa8f8bdadf41ed02,use_model_sequence_only_after_write_authorization,defer_to_model_defaults_or_later_tax_precheck,create_as_draft_do_not_replay_legacy_workflow,do_not_create_lines,no
contract_header_slice200:0076,construction.contract,create_only,0dffd3701a3e4e7fa5c1f02e5ff868ef,5a6292b632ec46a0b55645e68028157c,2400,4437,渭河路市场夜市市集项目,out,DYS2026-37,WBHTGL-20260310-001,17731093754120000,2,0,德阳旌信城市管理服务股份有限公司,legacy_contract_id,0dffd3701a3e4e7fa5c1f02e5ff868ef,use_model_sequence_only_after_write_authorization,defer_to_model_defaults_or_later_tax_precheck,create_as_draft_do_not_replay_legacy_workflow,do_not_create_lines,no
contract_header_slice200:0077,construction.contract,create_only,0e144ece4fb940ccb4682c7710724e08,b7f07bc4b72c4cd29b5d1b445b499386,2661,3935,2020年工程学院项目,out,DYS2020-07-02,WBHTGL-20200526-002,1000000199,2,,四川工程职业技术学院,legacy_contract_id,0e144ece4fb940ccb4682c7710724e08,use_model_sequence_only_after_write_authorization,defer_to_model_defaults_or_later_tax_precheck,create_as_draft_do_not_replay_legacy_workflow,do_not_create_lines,no
contract_header_slice200:0078,construction.contract,create_only,0e385232244242a884e2678a2b65a420,6b4e37cd90a94055a69de211efdab846,2444,5803,铸锻公司锻造厂3台操作机防护围栏制作项目,out,DYS2025-89,WBHTGL-20250620-003,17503842112170000,2,0,二重（德阳）重型装备有限公司,legacy_contract_id,0e385232244242a884e2678a2b65a420,use_model_sequence_only_after_write_authorization,defer_to_model_defaults_or_later_tax_precheck,create_as_draft_do_not_replay_legacy_workflow,do_not_create_lines,no
contract_header_slice200:0079,construction.contract,create_only,0e61c822bbb546da8a589b7105ef73e1,9ebba094a48443a39dd7e1421da8dfbb,2588,4055,四川豪特设备有限公司厨房燃气报警系统安装工程,out,DYS2022-39-15,WBHTGL-20220928-003,1000000770,2,,四川豪特设备有限公司,legacy_contract_id,0e61c822bbb546da8a589b7105ef73e1,use_model_sequence_only_after_write_authorization,defer_to_model_defaults_or_later_tax_precheck,create_as_draft_do_not_replay_legacy_workflow,do_not_create_lines,no
contract_header_slice200:0080,construction.contract,create_only,0e8a494f50af46c395ba9e471d182663,6b4e37cd90a94055a69de211efdab846,2444,3663,模锻厂45MN快锻机地面沉降整治,out,DYS2024-61,WBHTGL-20240407-005,17124709865730000,2,0,中国第二重型机械集团德阳万航模锻有限责任公司,legacy_contract_id,0e8a494f50af46c395ba9e471d182663,use_model_sequence_only_after_write_authorization,defer_to_model_defaults_or_later_tax_precheck,create_as_draft_do_not_replay_legacy_workflow,do_not_create_lines,no
contract_header_slice200:0081,construction.contract,create_only,0e9339ad602441f68183030b6b1f7811,6b4e37cd90a94055a69de211efdab846,2444,3664,中心库职工休息室铺设地砖项目,out,DYS2025-200,WBHTGL-20251117-002,17633474159630000,2,0,中国第二重型机械集团德阳万路运业有限公司,legacy_contract_id,0e9339ad602441f68183030b6b1f7811,use_model_sequence_only_after_write_authorization,defer_to_model_defaults_or_later_tax_precheck,create_as_draft_do_not_replay_legacy_workflow,do_not_create_lines,no
contract_header_slice200:0082,construction.contract,create_only,0eaffcbf406d46c58e112116fc445867,b7f07bc4b72c4cd29b5d1b445b499386,2661,3935,学院垃圾点改造,out,DYS2020-07-08,WBHTGL-20201023-002,1000000264,2,,四川工程职业技术学院,legacy_contract_id,0eaffcbf406d46c58e112116fc445867,use_model_sequence_only_after_write_authorization,defer_to_model_defaults_or_later_tax_precheck,create_as_draft_do_not_replay_legacy_workflow,do_not_create_lines,no
contract_header_slice200:0083,construction.contract,create_only,0f01d7cdd65b467aa4114b5b5c773e86,6b4e37cd90a94055a69de211efdab846,2444,3761,易静工程（德阳二重工程项目,out,DYS2020-06-06,WBHTGL-20200820-001,1000000239,2,,二重集团（德阳）精衡传动设备有限公司,legacy_contract_id,0f01d7cdd65b467aa4114b5b5c773e86,use_model_sequence_only_after_write_authorization,defer_to_model_defaults_or_later_tax_precheck,create_as_draft_do_not_replay_legacy_workflow,do_not_create_lines,no
contract_header_slice200:0084,construction.contract,create_only,0f055ed8bc7a47419208af7d8fbabe02,b653753feab74ec1baf2be1b531a5d99,2655,3922,成都（北部商城）西部国际家电交易中心1#楼及地下室,out,CDS2021-24,WBHTGL-20210412-001,1000000401,2,,四川宏大建筑工程有限公司,legacy_contract_id,0f055ed8bc7a47419208af7d8fbabe02,use_model_sequence_only_after_write_authorization,defer_to_model_defaults_or_later_tax_precheck,create_as_draft_do_not_replay_legacy_workflow,do_not_create_lines,no
contract_header_slice200:0085,construction.contract,create_only,0f3098086cbf40b7812b0d503eec3fd0,6b4e37cd90a94055a69de211efdab846,2444,5803,炼钢厂大跨接长跨外墙清洁环保整治,out,DSY2021-09-14,WBHTGL-20210617-001,1000000455,2,,二重（德阳）重型装备有限公司,legacy_contract_id,0f3098086cbf40b7812b0d503eec3fd0,use_model_sequence_only_after_write_authorization,defer_to_model_defaults_or_later_tax_precheck,create_as_draft_do_not_replay_legacy_workflow,do_not_create_lines,no
contract_header_slice200:0086,construction.contract,create_only,0fc1ca555f2c4ff8ae42f16ad58aaa80,4c2a355dd42d488083fe81525363142f,2351,96,77561部队制供氧站用房新建项目,out,XZ2025-71,WBHTGL-20250603-002,17489421652570000,2,0,中国人民解放军77561部队,legacy_contract_id,0fc1ca555f2c4ff8ae42f16ad58aaa80,use_model_sequence_only_after_write_authorization,defer_to_model_defaults_or_later_tax_precheck,create_as_draft_do_not_replay_legacy_workflow,do_not_create_lines,no
contract_header_slice200:0087,construction.contract,create_only,1000d73866114752965c699546626a25,ec8e6e03ff4c40cfb4ce25cdddc7474e,2813,5871,旌兴水务管网与德阳市自来水公司管网碰头工程,out,DYS2024-252,WBHTGL-20241204-005,17332947056750000,2,0,德阳市供水安装工程队,legacy_contract_id,1000d73866114752965c699546626a25,use_model_sequence_only_after_write_authorization,defer_to_model_defaults_or_later_tax_precheck,create_as_draft_do_not_replay_legacy_workflow,do_not_create_lines,no
contract_header_slice200:0088,construction.contract,create_only,1007a138b38c40558c54891f9038c5f9,e9f8e5da180a4ac59191def6a721a33c,2804,5830,四川建筑职业技术学院德阳校区垃圾压缩站项目,out,DYS2024-231,WBHTGL-20241112-001,17313750736770000,2,0,四川建筑职业技术学院,legacy_contract_id,1007a138b38c40558c54891f9038c5f9,use_model_sequence_only_after_write_authorization,defer_to_model_defaults_or_later_tax_precheck,create_as_draft_do_not_replay_legacy_workflow,do_not_create_lines,no
contract_header_slice200:0089,construction.contract,create_only,105176ee07c349a2909de686d97088ae,6b4e37cd90a94055a69de211efdab846,2444,3955,二重装备动能分公司热力车间锅炉房厂房维修改造工程---锅炉房维修及防雷接地分包,out,DYS2023-160,WBHTGL-20231103-001,16989835213100000,2,0,四川新众建筑加固工程有限公司,legacy_contract_id,105176ee07c349a2909de686d97088ae,use_model_sequence_only_after_write_authorization,defer_to_model_defaults_or_later_tax_precheck,create_as_draft_do_not_replay_legacy_workflow,do_not_create_lines,no
contract_header_slice200:0090,construction.contract,create_only,1055d0fbef9f4dd585e266ca7ce7c3f4,5533cd035fea4b59ba91ebb3e16b6d5d,2386,5915,西藏华泰龙矿业开发有限公司露天破碎站地中衡工程,out,XZ2021-122,WBHTGL-20240925-001,17272529469500000,2,0,西藏华泰龙矿业开发有限公司,legacy_contract_id,1055d0fbef9f4dd585e266ca7ce7c3f4,use_model_sequence_only_after_write_authorization,defer_to_model_defaults_or_later_tax_precheck,create_as_draft_do_not_replay_legacy_workflow,do_not_create_lines,no
contract_header_slice200:0091,construction.contract,create_only,106379932cb44f15aa3f555c42970166,530af800e78245f9a9975f80d9587ced,2379,5846,罗江区滨河路沿线健康骑游道项目块料铺贴劳务分包（第五次）,out,DYS2021-67,WBHTGL-20210813-002,1000000489,2,,四川纹江致远建筑开发工程有限公司,legacy_contract_id,106379932cb44f15aa3f555c42970166,use_model_sequence_only_after_write_authorization,defer_to_model_defaults_or_later_tax_precheck,create_as_draft_do_not_replay_legacy_workflow,do_not_create_lines,no
contract_header_slice200:0092,construction.contract,create_only,10723b1231264953ae2a7fdddb02bad3,ec8e6e03ff4c40cfb4ce25cdddc7474e,2813,5871,德阳经开国有资本投资运营有限公司分户工程,out,DYS2024-160,WBHTGL-20240923-009,17270573405440000,2,0,德阳市供水安装工程队,legacy_contract_id,10723b1231264953ae2a7fdddb02bad3,use_model_sequence_only_after_write_authorization,defer_to_model_defaults_or_later_tax_precheck,create_as_draft_do_not_replay_legacy_workflow,do_not_create_lines,no
contract_header_slice200:0093,construction.contract,create_only,10830b1a8d13480e88ec434293297357,ec8e6e03ff4c40cfb4ce25cdddc7474e,2813,5871,德阳耐火保温材料有限公司关闭自备水工程,out,DYS2022-16-30,WBHTGL-20220726-008,1000000705,2,,德阳市供水安装工程队,legacy_contract_id,10830b1a8d13480e88ec434293297357,use_model_sequence_only_after_write_authorization,defer_to_model_defaults_or_later_tax_precheck,create_as_draft_do_not_replay_legacy_workflow,do_not_create_lines,no
contract_header_slice200:0094,construction.contract,create_only,10a4a72592f04d16840882117a92c94b,6b4e37cd90a94055a69de211efdab846,2444,3663,热处理厂5跨排水管隐患整改,out,DYS2026-42,WBHTGL-20260313-001,17733744444430000,1,0,中国第二重型机械集团德阳万航模锻有限责任公司,legacy_contract_id,10a4a72592f04d16840882117a92c94b,use_model_sequence_only_after_write_authorization,defer_to_model_defaults_or_later_tax_precheck,create_as_draft_do_not_replay_legacy_workflow,do_not_create_lines,no
contract_header_slice200:0095,construction.contract,create_only,10b81ffe3e9f4d87814ae0accbfc64ac,90e7b8156a46435ba1b1c39b30479fd0,2557,5846,德阳市罗江区乡村水务供水建设项目钢筋、模板、混凝土、管道及阀门安装劳务分包二标段,out,DYS2025-174,WBHTGL-20251015-001,17604999146170000,2,0,四川纹江致远建筑开发工程有限公司,legacy_contract_id,10b81ffe3e9f4d87814ae0accbfc64ac,use_model_sequence_only_after_write_authorization,defer_to_model_defaults_or_later_tax_precheck,create_as_draft_do_not_replay_legacy_workflow,do_not_create_lines,no
contract_header_slice200:0096,construction.contract,create_only,10badaad28e64d448cba0dd81fbf3ead,6b4e37cd90a94055a69de211efdab846,2444,5803,炼钢厂80t电炉积水安全整治,out,DYS2021-09-02,WBHTGL-20210302-001,1000000379,2,,二重（德阳）重型装备有限公司,legacy_contract_id,10badaad28e64d448cba0dd81fbf3ead,use_model_sequence_only_after_write_authorization,defer_to_model_defaults_or_later_tax_precheck,create_as_draft_do_not_replay_legacy_workflow,do_not_create_lines,no
contract_header_slice200:0097,construction.contract,create_only,10dd13a6a6b340b786a2574d54ff896f,e7df166996ed40c5abbb0c97cd6cd86d,2796,4782,绵阳市游仙区盐泉镇道碑观索桥危桥改造工程项目,out,MYS2022-109,WBHTGL-20221226-001,1000000841,2,,绵阳市游仙区交通运输局公路管理所,legacy_contract_id,10dd13a6a6b340b786a2574d54ff896f,use_model_sequence_only_after_write_authorization,defer_to_model_defaults_or_later_tax_precheck,create_as_draft_do_not_replay_legacy_workflow,do_not_create_lines,no
contract_header_slice200:0098,construction.contract,create_only,10f31fe39a4d42e882f729c3017269bc,ec8e6e03ff4c40cfb4ce25cdddc7474e,2813,5871,颜斌、张林红华瑞园3-1-2商铺分户工程,out,DYS2022-16-62,WBHTGL-20220726-039,1000000736,2,,德阳市供水安装工程队,legacy_contract_id,10f31fe39a4d42e882f729c3017269bc,use_model_sequence_only_after_write_authorization,defer_to_model_defaults_or_later_tax_precheck,create_as_draft_do_not_replay_legacy_workflow,do_not_create_lines,no
contract_header_slice200:0099,construction.contract,create_only,10f70cfd3cdf48d38140a3854a898809,bb522fee21af41b384c8fc7647fe63f3,2668,863,合格土销售项目,out,DYS2025-15,WBHTGL-20250126-002,17378597849700000,2,0,德阳市博众建材销售有限公司,legacy_contract_id,10f70cfd3cdf48d38140a3854a898809,use_model_sequence_only_after_write_authorization,defer_to_model_defaults_or_later_tax_precheck,create_as_draft_do_not_replay_legacy_workflow,do_not_create_lines,no
contract_header_slice200:0100,construction.contract,create_only,115d8cdf55aa4639b49c40a749bcd0c6,6b4e37cd90a94055a69de211efdab846,2444,5803,重装跨彩钢墙面及行车等防腐翻新涂装整治合同,out,DYS2024-78,WBHTGL-20240513-001,17155704297700000,2,0,二重（德阳）重型装备有限公司,legacy_contract_id,115d8cdf55aa4639b49c40a749bcd0c6,use_model_sequence_only_after_write_authorization,defer_to_model_defaults_or_later_tax_precheck,create_as_draft_do_not_replay_legacy_workflow,do_not_create_lines,no
contract_header_slice200:0101,construction.contract,create_only,116d70f66ad042f399b81f0c8221981e,708f939840de45d7b68fc07e9200d912,2454,4908,合川分行沙溪分理处营业网点主体装修工程,out,CQS2024-219,WBHTGL-20241008-004,17283789348870000,2,0,重庆农村商业银行股份有限公司合川分行,legacy_contract_id,116d70f66ad042f399b81f0c8221981e,use_model_sequence_only_after_write_authorization,defer_to_model_defaults_or_later_tax_precheck,create_as_draft_do_not_replay_legacy_workflow,do_not_create_lines,no
contract_header_slice200:0102,construction.contract,create_only,1177d9aedf9f477f9b93dfbcb0b38190,ec8e6e03ff4c40cfb4ce25cdddc7474e,2813,5871,花雨湖畔新建户表工程,out,DYS2022-16-87,WBHTGL-20221227-006,1000000849,2,,德阳市供水安装工程队,legacy_contract_id,1177d9aedf9f477f9b93dfbcb0b38190,use_model_sequence_only_after_write_authorization,defer_to_model_defaults_or_later_tax_precheck,create_as_draft_do_not_replay_legacy_workflow,do_not_create_lines,no
contract_header_slice200:0103,construction.contract,create_only,11800130bb4746618aefd2e656ddaae9,16fce53311764d6c84b08f1357acf0ba,2181,5843,四川省绵阳外国语学校高中部教学综合楼室外电梯工程,out,MYS2021-68,WBHTGL-20210813-003,1000000490,2,,四川省绵阳外国语学校,legacy_contract_id,11800130bb4746618aefd2e656ddaae9,use_model_sequence_only_after_write_authorization,defer_to_model_defaults_or_later_tax_precheck,create_as_draft_do_not_replay_legacy_workflow,do_not_create_lines,no
contract_header_slice200:0104,construction.contract,create_only,11a5e554ba804dc79c60aa7179dae3ab,d795445cf03e48b99618f3eb559a235b,2746,5122,中江县支公司办公职场装修工程,out,DYS2019-37,WBHTGL-20200229-028,1000000062,2,,中国人寿财产保险股份有限公司德阳市中心支公司,legacy_contract_id,11a5e554ba804dc79c60aa7179dae3ab,use_model_sequence_only_after_write_authorization,defer_to_model_defaults_or_later_tax_precheck,create_as_draft_do_not_replay_legacy_workflow,do_not_create_lines,no
contract_header_slice200:0105,construction.contract,create_only,11a94f6fb15844f38144c815b883c55f,6a6b66ef5cc244359a6389425cf4393b,2439,4954,渝北区石船镇龙胆路石船段公交站新建工程,out,CQS2025-184,WBHTGL-20251030-001,17618107426830000,1,0,重庆市渝北区石船镇人民政府,legacy_contract_id,11a94f6fb15844f38144c815b883c55f,use_model_sequence_only_after_write_authorization,defer_to_model_defaults_or_later_tax_precheck,create_as_draft_do_not_replay_legacy_workflow,do_not_create_lines,no
contract_header_slice200:0106,construction.contract,create_only,11c459ed3cf94242b0ee045706e8f29f,ff1cd896b4c94a229a243a8228fa9816,2859,4932,修剪田坝村、中南城、西铁村社区老旧小区存量违法建筑周边树木,out,CQS2025-219,WBHTGL-20251203-002,17647342341560000,2,0,重庆市九龙坡区华岩镇人民政府,legacy_contract_id,11c459ed3cf94242b0ee045706e8f29f,use_model_sequence_only_after_write_authorization,defer_to_model_defaults_or_later_tax_precheck,create_as_draft_do_not_replay_legacy_workflow,do_not_create_lines,no
contract_header_slice200:0107,construction.contract,create_only,11cbd00c6ac341709a75bbec5af76b9e,25b4b41289db4972b662289d6ff3749f,2228,5884,经开区市政设施零星工程维护,out,DYS2020-56,WBHTGL-20201219-001,1000000318,2,,德阳市罗江区综合行政执法局,legacy_contract_id,11cbd00c6ac341709a75bbec5af76b9e,use_model_sequence_only_after_write_authorization,defer_to_model_defaults_or_later_tax_precheck,create_as_draft_do_not_replay_legacy_workflow,do_not_create_lines,no
contract_header_slice200:0108,construction.contract,create_only,11dc5f1040a34c64b58307c4156fb6cd,ec8e6e03ff4c40cfb4ce25cdddc7474e,2813,5871,德阳市第十中学关闭自备水工程,out,DYS2024-163,WBHTGL-20240923-012,17270577029190000,2,0,德阳市供水安装工程队,legacy_contract_id,11dc5f1040a34c64b58307c4156fb6cd,use_model_sequence_only_after_write_authorization,defer_to_model_defaults_or_later_tax_precheck,create_as_draft_do_not_replay_legacy_workflow,do_not_create_lines,no
contract_header_slice200:0109,construction.contract,create_only,11de145eded640bca87a4ad87b38c530,e7d967ab98084a1bb1efdb2e0cd7674c,2795,4437,黄河环卫中转站车棚拆除项目,out,DYS2025-144,WBHTGL-20250905-001,17570391841860000,2,0,德阳旌信城市管理服务股份有限公司,legacy_contract_id,11de145eded640bca87a4ad87b38c530,use_model_sequence_only_after_write_authorization,defer_to_model_defaults_or_later_tax_precheck,create_as_draft_do_not_replay_legacy_workflow,do_not_create_lines,no
contract_header_slice200:0110,construction.contract,create_only,1232e79fb15340af96326f7194b10026,ec8e6e03ff4c40cfb4ce25cdddc7474e,2813,5871,漓江二西路（黄山路—蓥华山路）配套市政给水管网工程,out,DYS2024-11,WBHTGL-20240123-004,17059804459710000,2,0,德阳市供水安装工程队,legacy_contract_id,1232e79fb15340af96326f7194b10026,use_model_sequence_only_after_write_authorization,defer_to_model_defaults_or_later_tax_precheck,create_as_draft_do_not_replay_legacy_workflow,do_not_create_lines,no
contract_header_slice200:0111,construction.contract,create_only,125d91a21a5d4ad7aefdecd94f5cbfdb,ec8e6e03ff4c40cfb4ce25cdddc7474e,2813,5871,邦泰翡翠城（一期）新建户表工程,out,DYS2023-04-2,WBHTGL-20230105-002,1000000867,2,,德阳市供水安装工程队,legacy_contract_id,125d91a21a5d4ad7aefdecd94f5cbfdb,use_model_sequence_only_after_write_authorization,defer_to_model_defaults_or_later_tax_precheck,create_as_draft_do_not_replay_legacy_workflow,do_not_create_lines,no
contract_header_slice200:0112,construction.contract,create_only,128ee58aadbf4401808d4a093c1af29b,6b4e37cd90a94055a69de211efdab846,2444,3955,2025年万航模锻建构筑物结构加固工程厂房屋顶及柱子维修分包,out,DYS2025-93,WBHTGL-20250626-001,17509281873260000,2,0,四川新众建筑加固工程有限公司,legacy_contract_id,128ee58aadbf4401808d4a093c1af29b,use_model_sequence_only_after_write_authorization,defer_to_model_defaults_or_later_tax_precheck,create_as_draft_do_not_replay_legacy_workflow,do_not_create_lines,no
contract_header_slice200:0113,construction.contract,create_only,12979024d3814238b0336cefc5894b60,106e8ac916084f398b89d0a564f2473f,2160,4380,2025农村公路维修,out,DYS2025-191,WBHTGL-20251110-001,17627377043540000,2,0,德阳市罗江区公路建设养护所,legacy_contract_id,12979024d3814238b0336cefc5894b60,use_model_sequence_only_after_write_authorization,defer_to_model_defaults_or_later_tax_precheck,create_as_draft_do_not_replay_legacy_workflow,do_not_create_lines,no
contract_header_slice200:0114,construction.contract,create_only,129a3b98abf947b2ab3e91c4ee86d0e9,6b4e37cd90a94055a69de211efdab846,2444,5803,铸造厂建筑物安全隐患整治及防洪治漏,out,DYS2022-15-4,WBHTGL-20220315-001,1000000618,2,,二重（德阳）重型装备有限公司,legacy_contract_id,129a3b98abf947b2ab3e91c4ee86d0e9,use_model_sequence_only_after_write_authorization,defer_to_model_defaults_or_later_tax_precheck,create_as_draft_do_not_replay_legacy_workflow,do_not_create_lines,no
contract_header_slice200:0115,construction.contract,create_only,12ed02eac6e846918eeee885dfbf1da4,ec8e6e03ff4c40cfb4ce25cdddc7474e,2813,5886,德阳市自来水公司2023年预算2万元以下给水管道维修和改造工程,out,DYS2023-109,WBHTGL-20230821-002,16926042869840000,2,0,德阳市自来水公司,legacy_contract_id,12ed02eac6e846918eeee885dfbf1da4,use_model_sequence_only_after_write_authorization,defer_to_model_defaults_or_later_tax_precheck,create_as_draft_do_not_replay_legacy_workflow,do_not_create_lines,no
contract_header_slice200:0116,construction.contract,create_only,12f95a310bd5409fb76229a182aa88f2,39fd0175180d446094aec581afd6d558,2293,4514,西部城区B2-05地块房地产开发项目,out,XCS2025-13,WBHTGL-20250126-001,17378553975800000,2,0,成都建工第一建筑工程有限公司,legacy_contract_id,12f95a310bd5409fb76229a182aa88f2,use_model_sequence_only_after_write_authorization,defer_to_model_defaults_or_later_tax_precheck,create_as_draft_do_not_replay_legacy_workflow,do_not_create_lines,no
contract_header_slice200:0117,construction.contract,create_only,12fc54f8ce364cdd8202c9ea1152c128,f566b87da9024087a8da380d976a5554,2837,4474,沥青混凝土路面摊铺合同,out,DYS2024-144,WBHTGL-20240904-002,17254194476310000,-1,0,德阳芯万晨商贸有限公司,legacy_contract_id,12fc54f8ce364cdd8202c9ea1152c128,use_model_sequence_only_after_write_authorization,defer_to_model_defaults_or_later_tax_precheck,create_as_draft_do_not_replay_legacy_workflow,do_not_create_lines,no
contract_header_slice200:0118,construction.contract,create_only,12fcaee7d833479b92f1bc20c75bc78b,ec8e6e03ff4c40cfb4ce25cdddc7474e,2813,5871,德阳经开区发展（控股）集团有限公司梧桐苑新建户表工程,out,DYS2022-16-4,WBHTGL-20220119-006,1000000600,2,,德阳市供水安装工程队,legacy_contract_id,12fcaee7d833479b92f1bc20c75bc78b,use_model_sequence_only_after_write_authorization,defer_to_model_defaults_or_later_tax_precheck,create_as_draft_do_not_replay_legacy_workflow,do_not_create_lines,no
contract_header_slice200:0119,construction.contract,create_only,13b475f0e54c4a25a7b0e42bc1642de7,9ebba094a48443a39dd7e1421da8dfbb,2588,130,一号食堂、二号食堂 燃气报警系统安装,out,DYS2025-45,WBHTGL-20250401-003,17434878600490000,2,0,四川省商贸学校,legacy_contract_id,13b475f0e54c4a25a7b0e42bc1642de7,use_model_sequence_only_after_write_authorization,defer_to_model_defaults_or_later_tax_precheck,create_as_draft_do_not_replay_legacy_workflow,do_not_create_lines,no
contract_header_slice200:0120,construction.contract,create_only,13f36356ac184e50b14e95f060b256fd,6b4e37cd90a94055a69de211efdab846,2444,5803,易静工程（德阳二重工程项目）,out,DYS2020-06-02,WBHTGL-20201119-001,1000000287,2,,二重（德阳）重型装备有限公司,legacy_contract_id,13f36356ac184e50b14e95f060b256fd,use_model_sequence_only_after_write_authorization,defer_to_model_defaults_or_later_tax_precheck,create_as_draft_do_not_replay_legacy_workflow,do_not_create_lines,no
contract_header_slice200:0121,construction.contract,create_only,142bb011b9ea4213929e4177fb752eea,ed83a5f4dfe24e3c92d5ece83267f800,2816,4087,城口县明通镇中心小学改扩建及幼儿园建设项目,out,CQS2023-96,WBHTGL-20230731-001,1000000983,2,0,城口县明通镇中心小学,legacy_contract_id,142bb011b9ea4213929e4177fb752eea,use_model_sequence_only_after_write_authorization,defer_to_model_defaults_or_later_tax_precheck,create_as_draft_do_not_replay_legacy_workflow,do_not_create_lines,no
contract_header_slice200:0122,construction.contract,create_only,145d8e3c2e07404aa7a9353d70363a6d,401b1e7a1b11498e92e74070e4b7fbb7,2310,4361,德阳市杰阳排水有限公司采购零星修缮服务合同(中江场站、罗江场站),out,DYS2024-93,WBHTGL-20240529-001,17169510143070000,2,0,德阳市杰阳排水有限公司,legacy_contract_id,145d8e3c2e07404aa7a9353d70363a6d,use_model_sequence_only_after_write_authorization,defer_to_model_defaults_or_later_tax_precheck,create_as_draft_do_not_replay_legacy_workflow,do_not_create_lines,no
contract_header_slice200:0123,construction.contract,create_only,14948214afce40309e3be6c7bc8215b8,bfd2012972084181b83a6f7e885ada70,2683,5897,柳梧新区地下雨污水管网（部分路段）改造项目,out,LSS2019-38,WBHTGL-20200311-002,1000000111,2,,拉萨市柳梧新区管理委员会,legacy_contract_id,14948214afce40309e3be6c7bc8215b8,use_model_sequence_only_after_write_authorization,defer_to_model_defaults_or_later_tax_precheck,create_as_draft_do_not_replay_legacy_workflow,do_not_create_lines,no
contract_header_slice200:0124,construction.contract,create_only,149b021b637e439f9781ffbb7e0fb4b2,12dc2d35442c43f481d6e3880f8a306e,2165,4475,德阳市中心城区穿城堰、丁家堰、干河子、胜利堰四条黑臭水体整治工程青衣江路公园剩余工程,out,DYS2020-17,WBHTGL-20200604-001,1000000204,2,,德阳蓉北建设工程有限公司,legacy_contract_id,149b021b637e439f9781ffbb7e0fb4b2,use_model_sequence_only_after_write_authorization,defer_to_model_defaults_or_later_tax_precheck,create_as_draft_do_not_replay_legacy_workflow,do_not_create_lines,no
contract_header_slice200:0125,construction.contract,create_only,14a175dc71ab4b9b92608ea51cd07c59,6b4e37cd90a94055a69de211efdab846,2444,5803,更新第四配电所（土建部分）,out,DYS2025-04,WBHTGL-20250108-001,17363049602810000,2,0,二重（德阳）重型装备有限公司,legacy_contract_id,14a175dc71ab4b9b92608ea51cd07c59,use_model_sequence_only_after_write_authorization,defer_to_model_defaults_or_later_tax_precheck,create_as_draft_do_not_replay_legacy_workflow,do_not_create_lines,no
contract_header_slice200:0126,construction.contract,create_only,155d6d0b498845c28bb8aa32ea1c819d,e0db577a23194699b7ea732cc08a2eb7,2774,5846,50万吨年食品级PET高分子新材料项目--110中控室、116办公楼、配套单体精装修劳务工程合同补充协议,out,DYS2022-115,WBHTGL-20230601-002,1000000938,2,0,四川纹江致远建筑开发工程有限公司,legacy_contract_id,155d6d0b498845c28bb8aa32ea1c819d,use_model_sequence_only_after_write_authorization,defer_to_model_defaults_or_later_tax_precheck,create_as_draft_do_not_replay_legacy_workflow,do_not_create_lines,no
contract_header_slice200:0127,construction.contract,create_only,155f12feb4914ab9b521d3d0cb5f850e,e27eae2a90224ae1a7a6025b4dded66d,2143,4723,龙江大酒店装修改造工程,out,GSS2023-90,WBHTGL-20230720-002,1000000977,2,0,甘肃龙江电力有限责任公司,legacy_contract_id,155f12feb4914ab9b521d3d0cb5f850e,use_model_sequence_only_after_write_authorization,defer_to_model_defaults_or_later_tax_precheck,create_as_draft_do_not_replay_legacy_workflow,do_not_create_lines,no
contract_header_slice200:0128,construction.contract,create_only,15a1f7b0daec406ab28a7d32552cd328,ec8e6e03ff4c40cfb4ce25cdddc7474e,2813,5871,德阳市佛山街二段153号谢跃三分户工程,out,DYS2024-166,WBHTGL-20240923-015,17270579592940000,2,0,德阳市供水安装工程队,legacy_contract_id,15a1f7b0daec406ab28a7d32552cd328,use_model_sequence_only_after_write_authorization,defer_to_model_defaults_or_later_tax_precheck,create_as_draft_do_not_replay_legacy_workflow,do_not_create_lines,no
contract_header_slice200:0129,construction.contract,create_only,15c43087e47741b796103bb38623ed6b,6b4e37cd90a94055a69de211efdab846,2444,4527,热处理厂(MK942514) 土建施工合同,out,DYS2026-06,WBHTGL-20260108-001,17678601889180000,2,0,成都秦川物联网科技股份有限公司,legacy_contract_id,15c43087e47741b796103bb38623ed6b,use_model_sequence_only_after_write_authorization,defer_to_model_defaults_or_later_tax_precheck,create_as_draft_do_not_replay_legacy_workflow,do_not_create_lines,no
contract_header_slice200:0130,construction.contract,create_only,16377d107fed4fceb75f121e9f771b99,6b4e37cd90a94055a69de211efdab846,2444,3663,15t电动平车轨道配套安装,out,DYS2023-22,WBHTGL-20230428-002,1000000922,2,0,中国第二重型机械集团德阳万航模锻有限责任公司,legacy_contract_id,16377d107fed4fceb75f121e9f771b99,use_model_sequence_only_after_write_authorization,defer_to_model_defaults_or_later_tax_precheck,create_as_draft_do_not_replay_legacy_workflow,do_not_create_lines,no
contract_header_slice200:0131,construction.contract,create_only,16552ded543b48bfa63488ee13879742,ec8e6e03ff4c40cfb4ce25cdddc7474e,2813,5871,屏山街121号1-1-2号分户工程,out,DYS2024-192,WBHTGL-20240923-043,17270739845130000,2,0,德阳市供水安装工程队,legacy_contract_id,16552ded543b48bfa63488ee13879742,use_model_sequence_only_after_write_authorization,defer_to_model_defaults_or_later_tax_precheck,create_as_draft_do_not_replay_legacy_workflow,do_not_create_lines,no
contract_header_slice200:0132,construction.contract,create_only,1662c44b4979499082f9328606b654ea,ce271702026b42be8f214613a471690e,2716,4733,眉山天府新区老场镇雨污分流改造工程（钢铁片区）管网检测,out,MSS2021-78,WBHTGL-20210922-001,1000000506,2,,眉山环天水务有限公司,legacy_contract_id,1662c44b4979499082f9328606b654ea,use_model_sequence_only_after_write_authorization,defer_to_model_defaults_or_later_tax_precheck,create_as_draft_do_not_replay_legacy_workflow,do_not_create_lines,no
contract_header_slice200:0133,construction.contract,create_only,168b8ac143fc42b8b31d8fa38e0c94ee,ec8e6e03ff4c40cfb4ce25cdddc7474e,2813,5871,香诗美林2-1-28分户工程,out,DYS2022-16-59,WBHTGL-20220726-036,1000000733,2,,德阳市供水安装工程队,legacy_contract_id,168b8ac143fc42b8b31d8fa38e0c94ee,use_model_sequence_only_after_write_authorization,defer_to_model_defaults_or_later_tax_precheck,create_as_draft_do_not_replay_legacy_workflow,do_not_create_lines,no
contract_header_slice200:0134,construction.contract,create_only,16de071f91fd45339a434e2dbe0d2511,6b4e37cd90a94055a69de211efdab846,2444,3663,模锻厂1MJ/50MN锤地坑走台及线路安全隐患/模锻厂关于800MN、45MN、16MN泵站及Mcc室防爆装置项目,out,DYS2024-57,WBHTGL-20240407-001,17124511785740000,2,0,中国第二重型机械集团德阳万航模锻有限责任公司,legacy_contract_id,16de071f91fd45339a434e2dbe0d2511,use_model_sequence_only_after_write_authorization,defer_to_model_defaults_or_later_tax_precheck,create_as_draft_do_not_replay_legacy_workflow,do_not_create_lines,no
contract_header_slice200:0135,construction.contract,create_only,170070e716ce49eba32600a2eb4ab39d,ec8e6e03ff4c40cfb4ce25cdddc7474e,2813,5871,四川成丰新材料科技有限公司施工用水工程,out,DYS2020-59-03,WBHTGL-20201225-004,1000000324,2,,德阳市供水安装工程队,legacy_contract_id,170070e716ce49eba32600a2eb4ab39d,use_model_sequence_only_after_write_authorization,defer_to_model_defaults_or_later_tax_precheck,create_as_draft_do_not_replay_legacy_workflow,do_not_create_lines,no
contract_header_slice200:0136,construction.contract,create_only,1771243f7abb4312b6bdf6ef30ef9b10,beea539bc3a94a7d8d2c4852c1f08c25,2681,4358,黄许镇绵远河袁家大桥建设项目农房拆迁安置 基础设施配套项目一村道、排水沟、管网建设项目,out,DYS2021-54,WBHTGL-20210629-003,1000000469,2,,德阳市旌阳区黄许镇人民政府,legacy_contract_id,1771243f7abb4312b6bdf6ef30ef9b10,use_model_sequence_only_after_write_authorization,defer_to_model_defaults_or_later_tax_precheck,create_as_draft_do_not_replay_legacy_workflow,do_not_create_lines,no
contract_header_slice200:0137,construction.contract,create_only,17801c7abb4d4a6fa706a4bb50de3e83,ec8e6e03ff4c40cfb4ce25cdddc7474e,2813,5871,天山北路上层建筑小区营业房4-10、4-9分户工程,out,DYS2022-16-86,WBHTGL-20221227-005,1000000848,2,,德阳市供水安装工程队,legacy_contract_id,17801c7abb4d4a6fa706a4bb50de3e83,use_model_sequence_only_after_write_authorization,defer_to_model_defaults_or_later_tax_precheck,create_as_draft_do_not_replay_legacy_workflow,do_not_create_lines,no
contract_header_slice200:0138,construction.contract,create_only,1788299ce8514662af29ef87521649bd,9ebba094a48443a39dd7e1421da8dfbb,2588,3771,交通银行股份有限公司德阳分行厨房燃气报警系统安装,out,DYS2025-221,WBHTGL-20251205-002,17649173114680000,2,0,交通银行股份有限公司德阳分行,legacy_contract_id,1788299ce8514662af29ef87521649bd,use_model_sequence_only_after_write_authorization,defer_to_model_defaults_or_later_tax_precheck,create_as_draft_do_not_replay_legacy_workflow,do_not_create_lines,no
contract_header_slice200:0139,construction.contract,create_only,17a358167be74a7cb96518ef0160a2f1,ec8e6e03ff4c40cfb4ce25cdddc7474e,2813,5871,孝感大道48-50号李秀其分户工程,out,DYS2024-203,WBHTGL-20240923-054,17270759186850000,2,0,德阳市供水安装工程队,legacy_contract_id,17a358167be74a7cb96518ef0160a2f1,use_model_sequence_only_after_write_authorization,defer_to_model_defaults_or_later_tax_precheck,create_as_draft_do_not_replay_legacy_workflow,do_not_create_lines,no
contract_header_slice200:0140,construction.contract,create_only,17ebcd7214bc431c8b16e94767df2649,b011d38f5f2a43d6acfe6cb196f70d8f,2641,3707,中江县“8.16”渠道水毁修复工程,out,DYS2021-35,WBHTGL-20210507-001,1000000424,2,,中江县水利管理所,legacy_contract_id,17ebcd7214bc431c8b16e94767df2649,use_model_sequence_only_after_write_authorization,defer_to_model_defaults_or_later_tax_precheck,create_as_draft_do_not_replay_legacy_workflow,do_not_create_lines,no
contract_header_slice200:0141,construction.contract,create_only,186d99b12ade42569ef1118e7b3146d9,ec8e6e03ff4c40cfb4ce25cdddc7474e,2813,5871,德阳市中心城区国有企业三供一业供水职能分离移交改造项目（珠江路以北）,out,DYS2021-01-16,WBHTGL-20210506-004,1000000422,2,,德阳市供水安装工程队,legacy_contract_id,186d99b12ade42569ef1118e7b3146d9,use_model_sequence_only_after_write_authorization,defer_to_model_defaults_or_later_tax_precheck,create_as_draft_do_not_replay_legacy_workflow,do_not_create_lines,no
contract_header_slice200:0142,construction.contract,create_only,18bb28a4851e4d8b8dc7b92f3f74ae65,fb6de3927cc44f4497c986be12ecd05f,2852,3656,中国移动四川公司市州分公司2025年—2028年管理用房及生产枢纽楼公共区域零星维修项目的标包1 成都,out,CDS2025-163,WBHTGL-20250925-001,17587810861540000,2,0,中国移动通信集团四川有限公司成都分公司,legacy_contract_id,18bb28a4851e4d8b8dc7b92f3f74ae65,use_model_sequence_only_after_write_authorization,defer_to_model_defaults_or_later_tax_precheck,create_as_draft_do_not_replay_legacy_workflow,do_not_create_lines,no
contract_header_slice200:0143,construction.contract,create_only,194756ca9868426497e43b73232a53e8,fa54a849d16840faa4991732709c30b6,2847,3681,德阳市旌北13、14#地块（德阳北站TOD及基础设施配套项目）项目示范区园林景观工程专业分包,out,DYS2024-229,WBHTGL-20241113-001,17314818839430000,2,0,中建三局集团有限公司,legacy_contract_id,194756ca9868426497e43b73232a53e8,use_model_sequence_only_after_write_authorization,defer_to_model_defaults_or_later_tax_precheck,create_as_draft_do_not_replay_legacy_workflow,do_not_create_lines,no
contract_header_slice200:0144,construction.contract,create_only,19b2d001a90a4155a3ae286833d3460c,66efda2bb2b54b13965122fd2bb35618,2432,5839,绿地健康谷二号地块1标段项目泡沫混凝土施工工程,out,DYS2024-237,WBHTGL-20241127-005,17326914564260000,2,0,四川省东方兴发建设集团有限公司,legacy_contract_id,19b2d001a90a4155a3ae286833d3460c,use_model_sequence_only_after_write_authorization,defer_to_model_defaults_or_later_tax_precheck,create_as_draft_do_not_replay_legacy_workflow,do_not_create_lines,no
contract_header_slice200:0145,construction.contract,create_only,19cf7c893fab45e5a50b4b9252c027cd,d673283d7f064228aa3bcdb822c8d425,2741,5788,【花山镇交通设施集中安置区施工总承包】项目【室外】工程,out,GZS2023-27,WBHTGL-20230412-002,1000000910,2,0,中建四局第一建设有限公司,legacy_contract_id,19cf7c893fab45e5a50b4b9252c027cd,use_model_sequence_only_after_write_authorization,defer_to_model_defaults_or_later_tax_precheck,create_as_draft_do_not_replay_legacy_workflow,do_not_create_lines,no
contract_header_slice200:0146,construction.contract,create_only,19e3641e5ddc4fa68888d360ff43ff74,ec8e6e03ff4c40cfb4ce25cdddc7474e,2813,5871,鄱阳湖路196号梧桐苑直饮机分户工程,out,DYS2024-193,WBHTGL-20240923-044,17270740604500000,2,0,德阳市供水安装工程队,legacy_contract_id,19e3641e5ddc4fa68888d360ff43ff74,use_model_sequence_only_after_write_authorization,defer_to_model_defaults_or_later_tax_precheck,create_as_draft_do_not_replay_legacy_workflow,do_not_create_lines,no
contract_header_slice200:0147,construction.contract,create_only,1a17142f9b614f9d912196ea940bd4dd,6b4e37cd90a94055a69de211efdab846,2444,3663,机加厂-文明现场环境整治,out,DYS2025-85,WBHTGL-20250619-003,17503045989200000,2,0,中国第二重型机械集团德阳万航模锻有限责任公司,legacy_contract_id,1a17142f9b614f9d912196ea940bd4dd,use_model_sequence_only_after_write_authorization,defer_to_model_defaults_or_later_tax_precheck,create_as_draft_do_not_replay_legacy_workflow,do_not_create_lines,no
contract_header_slice200:0148,construction.contract,create_only,1a30464313074d229cb09375f526fea4,18345028af09432ab7505fe2ce46d2b1,2186,5870,德阳市水韵江南小区4栋维修,out,DYS2021-32,WBHTGL-20210429-001,1000000412,2,0,德阳市住房保障和房地产事务中心,legacy_contract_id,1a30464313074d229cb09375f526fea4,use_model_sequence_only_after_write_authorization,defer_to_model_defaults_or_later_tax_precheck,create_as_draft_do_not_replay_legacy_workflow,do_not_create_lines,no
contract_header_slice200:0149,construction.contract,create_only,1a38b755c9184b13b764e71b5fca19ff,ec8e6e03ff4c40cfb4ce25cdddc7474e,2813,5871,德阳市振兴国有资本投资运营有限公司分户工程,out,DYS2022-16-32,WBHTGL-20220726-010,1000000707,2,,德阳市供水安装工程队,legacy_contract_id,1a38b755c9184b13b764e71b5fca19ff,use_model_sequence_only_after_write_authorization,defer_to_model_defaults_or_later_tax_precheck,create_as_draft_do_not_replay_legacy_workflow,do_not_create_lines,no
contract_header_slice200:0150,construction.contract,create_only,1aaf197ed88848e9b879fb6aeb71039a,267ac2470a1e48ccbd665b5a08e2ff9c,2230,3683,德阳饶益四组小二楼观潮起项目,out,DYS2022-60,WBHTGL-20220721-002,1000000694,2,,中建八局第一建设有限公司,legacy_contract_id,1aaf197ed88848e9b879fb6aeb71039a,use_model_sequence_only_after_write_authorization,defer_to_model_defaults_or_later_tax_precheck,create_as_draft_do_not_replay_legacy_workflow,do_not_create_lines,no
contract_header_slice200:0151,construction.contract,create_only,1abe1c74d0a04990b4e50bb229e152c3,29c0549f98024dc0937823da66701bbc,2242,5043,阿克陶县人民医院医技楼配电安装工程项目,out,XJS2023-88,WBHTGL-20230719-001,1000000975,2,0,阿克陶县人民医院,legacy_contract_id,1abe1c74d0a04990b4e50bb229e152c3,use_model_sequence_only_after_write_authorization,defer_to_model_defaults_or_later_tax_precheck,create_as_draft_do_not_replay_legacy_workflow,do_not_create_lines,no
contract_header_slice200:0152,construction.contract,create_only,1ad53ff6e69140b9b8c02936e3ff7fd6,b7f07bc4b72c4cd29b5d1b445b499386,2661,3935,马院中庭景观改造项目,out,DYS2023-129,WBHTGL-20230913-007,16945934496410000,2,0,四川工程职业技术学院,legacy_contract_id,1ad53ff6e69140b9b8c02936e3ff7fd6,use_model_sequence_only_after_write_authorization,defer_to_model_defaults_or_later_tax_precheck,create_as_draft_do_not_replay_legacy_workflow,do_not_create_lines,no
contract_header_slice200:0153,construction.contract,create_only,1aeacb273afb4583900d909748d3a359,369f099d737d448aa55cd8f191da953b,2279,4976,结算审核报告,out,CQS2020-13-1,WBHTGL-20240320-001,17109214975550000,2,0,重庆市铜梁区二坪镇人民政府,legacy_contract_id,1aeacb273afb4583900d909748d3a359,use_model_sequence_only_after_write_authorization,defer_to_model_defaults_or_later_tax_precheck,create_as_draft_do_not_replay_legacy_workflow,do_not_create_lines,no
contract_header_slice200:0154,construction.contract,create_only,1b12e34438c0463b98929978ed95b13a,dc5f03ef90a749be8e3cd19daca87163,2757,5892,天山北路公共卫生间改造项目,out,DYS2025-109,WBHTGL-20250718-002,17528005282440000,2,0,德阳经开建设工程有限公司,legacy_contract_id,1b12e34438c0463b98929978ed95b13a,use_model_sequence_only_after_write_authorization,defer_to_model_defaults_or_later_tax_precheck,create_as_draft_do_not_replay_legacy_workflow,do_not_create_lines,no
contract_header_slice200:0155,construction.contract,create_only,1b134f3b84e345a9b023863c5ce3536c,effd5e093a8a4663926b94a97696abf6,2823,5884,德阳市罗江区综合行政执法局2024年罗江区零星市政维修工程(海D区、潺亭中学旁等7座公厕维修改造。,out,DYS2024-99,WBHTGL-20240604-001,17174818486170000,2,0,德阳市罗江区综合行政执法局,legacy_contract_id,1b134f3b84e345a9b023863c5ce3536c,use_model_sequence_only_after_write_authorization,defer_to_model_defaults_or_later_tax_precheck,create_as_draft_do_not_replay_legacy_workflow,do_not_create_lines,no
contract_header_slice200:0156,construction.contract,create_only,1b4a660bf9ac4bd3b68d0b0cb6298430,6b4e37cd90a94055a69de211efdab846,2444,3866,模锻厂-模具打磨除尘装置,out,DYS2025-162,WBHTGL-20250924-005,17586775150760000,2,0,四川三盛环保科技有限公司,legacy_contract_id,1b4a660bf9ac4bd3b68d0b0cb6298430,use_model_sequence_only_after_write_authorization,defer_to_model_defaults_or_later_tax_precheck,create_as_draft_do_not_replay_legacy_workflow,do_not_create_lines,no
contract_header_slice200:0157,construction.contract,create_only,1ba2c984b04a46abb2b63991747f4f68,fa81dfa136ae42009e8d1d86af0bd1e2,2848,4388,结算审核报告,out,DYS2022-76-1,WBHTGL-20231213-003,17024505848360000,2,0,德阳市罗江区水利灌排工程管理中心,legacy_contract_id,1ba2c984b04a46abb2b63991747f4f68,use_model_sequence_only_after_write_authorization,defer_to_model_defaults_or_later_tax_precheck,create_as_draft_do_not_replay_legacy_workflow,do_not_create_lines,no
contract_header_slice200:0158,construction.contract,create_only,1bb538dc07cc40b18b458529d2a83812,6b4e37cd90a94055a69de211efdab846,2444,3824,德阳二重平衡泵数据采集维护硬件施工,out,DYS2025-33,WBHTGL-20250317-001,17421989018380000,2,0,北京信博云控科技发展有限公司,legacy_contract_id,1bb538dc07cc40b18b458529d2a83812,use_model_sequence_only_after_write_authorization,defer_to_model_defaults_or_later_tax_precheck,create_as_draft_do_not_replay_legacy_workflow,do_not_create_lines,no
contract_header_slice200:0159,construction.contract,create_only,1bbb5cc46b98414b94c055a1bcd2255e,5b8510c8256946c29cde293937443344,2403,4378,天台湖门卫室,out,DYS2019-56,WBHTGL-20200630-002,1000000211,2,,德阳市罗江区住房和城乡建设局,legacy_contract_id,1bbb5cc46b98414b94c055a1bcd2255e,use_model_sequence_only_after_write_authorization,defer_to_model_defaults_or_later_tax_precheck,create_as_draft_do_not_replay_legacy_workflow,do_not_create_lines,no
contract_header_slice200:0160,construction.contract,create_only,1c762eae5f49416caefb1fcc95c7436d,dc9faab2919147868ffddd380f58ea3e,2759,5897,拉萨市柳梧新区路面井盖维护更换合同,out,XZQ2022-19,WBHTGL-20220119-003,1000000597,2,,拉萨市柳梧新区管理委员会,legacy_contract_id,1c762eae5f49416caefb1fcc95c7436d,use_model_sequence_only_after_write_authorization,defer_to_model_defaults_or_later_tax_precheck,create_as_draft_do_not_replay_legacy_workflow,do_not_create_lines,no
contract_header_slice200:0161,construction.contract,create_only,1c77519248494a3abc2bfb425ae95381,ee58e169dc56474284f6bb85b6e0d51f,2819,4453,经开区应急周转房项目（2#）工程,out,DYS2022-102,WBHTGL-20221208-004,1000000834,2,,德阳科利机械设备租赁有限责任公司,legacy_contract_id,1c77519248494a3abc2bfb425ae95381,use_model_sequence_only_after_write_authorization,defer_to_model_defaults_or_later_tax_precheck,create_as_draft_do_not_replay_legacy_workflow,do_not_create_lines,no
contract_header_slice200:0162,construction.contract,create_only,1c91322cd04c49fabd4dc18475d89451,e0ba5308a59e4e98a4225b4b75d34818,2773,4907,潼南支行双江分理处营业网点主体装修工程项目,out,CQS2025-185,WBHTGL-20251103-001,17621536505570000,2,0,重庆农村商业银行股份有限公司,legacy_contract_id,1c91322cd04c49fabd4dc18475d89451,use_model_sequence_only_after_write_authorization,defer_to_model_defaults_or_later_tax_precheck,create_as_draft_do_not_replay_legacy_workflow,do_not_create_lines,no
contract_header_slice200:0163,construction.contract,create_only,1ca93ae641db4094b4d4bb5e7eda726c,e7d967ab98084a1bb1efdb2e0cd7674c,2795,5806,德阳市罗江区老旧小区改造项目四标段（一期）,out,DYS2023-50,WBHTGL-20230524-002,1000000933,2,0,伟宸建设集团有限公司,legacy_contract_id,1ca93ae641db4094b4d4bb5e7eda726c,use_model_sequence_only_after_write_authorization,defer_to_model_defaults_or_later_tax_precheck,create_as_draft_do_not_replay_legacy_workflow,do_not_create_lines,no
contract_header_slice200:0164,construction.contract,create_only,1ccfb4ec9977482ea357d42832014904,ec8e6e03ff4c40cfb4ce25cdddc7474e,2813,5871,德阳市旌阳区孝感街道联合社区4组、红伏村10组、黄河村1-10组等区域城市自来水供水管网建设工程,out,DYS2024-38,WBHTGL-20240131-003,17066900650790000,2,0,德阳市供水安装工程队,legacy_contract_id,1ccfb4ec9977482ea357d42832014904,use_model_sequence_only_after_write_authorization,defer_to_model_defaults_or_later_tax_precheck,create_as_draft_do_not_replay_legacy_workflow,do_not_create_lines,no
contract_header_slice200:0165,construction.contract,create_only,1cdc3ae64c084f138baa4af0208aad93,b7f07bc4b72c4cd29b5d1b445b499386,2661,3935,2023年雨季防洪防灾应急抢险项目,out,DYS2023-130,WBHTGL-20230913-008,16945936593730000,2,0,四川工程职业技术学院,legacy_contract_id,1cdc3ae64c084f138baa4af0208aad93,use_model_sequence_only_after_write_authorization,defer_to_model_defaults_or_later_tax_precheck,create_as_draft_do_not_replay_legacy_workflow,do_not_create_lines,no
contract_header_slice200:0166,construction.contract,create_only,1d01c3e109794603b10857a1a7163ce1,215041536acd48be89b14758cd923649,2218,5920,欧麓花园入口地面维修,out,CQS2023-98,WBHTGL-20230804-001,1000000985,2,0,重庆巴驿公共交通站场管理有限公司,legacy_contract_id,1d01c3e109794603b10857a1a7163ce1,use_model_sequence_only_after_write_authorization,defer_to_model_defaults_or_later_tax_precheck,create_as_draft_do_not_replay_legacy_workflow,do_not_create_lines,no
contract_header_slice200:0167,construction.contract,create_only,1d593a3a16464eccaa1e21db3c46902b,ec8e6e03ff4c40cfb4ce25cdddc7474e,2813,5871,锦虹房产施工用水工程,out,DYS2022-16-43,WBHTGL-20220726-021,1000000718,2,,德阳市供水安装工程队,legacy_contract_id,1d593a3a16464eccaa1e21db3c46902b,use_model_sequence_only_after_write_authorization,defer_to_model_defaults_or_later_tax_precheck,create_as_draft_do_not_replay_legacy_workflow,do_not_create_lines,no
contract_header_slice200:0168,construction.contract,create_only,1d72f16652f541f6b871e231ab1b5d19,9ebba094a48443a39dd7e1421da8dfbb,2588,4483,德阳龙井公墓服务有限公司厨房燃气报警系统安装工程,out,DYS2023-107,WBHTGL-20230817-001,1000000994,2,0,德阳龙井公墓服务有限公司,legacy_contract_id,1d72f16652f541f6b871e231ab1b5d19,use_model_sequence_only_after_write_authorization,defer_to_model_defaults_or_later_tax_precheck,create_as_draft_do_not_replay_legacy_workflow,do_not_create_lines,no
contract_header_slice200:0169,construction.contract,create_only,1d8fd512ed104b27ae1565d0a1dbba31,d673283d7f064228aa3bcdb822c8d425,2741,5788,花都汽车产业基地二期荔红路建设工程勘察设计施工总承包项目K1+980~K3-395.23沥青面层工程,out,GZS2025-152,WBHTGL-20250911-002,17575711404040000,2,0,中建四局第一建设有限公司,legacy_contract_id,1d8fd512ed104b27ae1565d0a1dbba31,use_model_sequence_only_after_write_authorization,defer_to_model_defaults_or_later_tax_precheck,create_as_draft_do_not_replay_legacy_workflow,do_not_create_lines,no
contract_header_slice200:0170,construction.contract,create_only,1dd37f04982a43d081f0ff6ad5899fb4,ec8e6e03ff4c40cfb4ce25cdddc7474e,2813,5871,文德湖屿树新建户表工程,out,DYS2024-121,WBHTGL-20240724-002,17218020514910000,2,0,德阳市供水安装工程队,legacy_contract_id,1dd37f04982a43d081f0ff6ad5899fb4,use_model_sequence_only_after_write_authorization,defer_to_model_defaults_or_later_tax_precheck,create_as_draft_do_not_replay_legacy_workflow,do_not_create_lines,no
contract_header_slice200:0171,construction.contract,create_only,1ddeb25fc9654f998cbf8d95c456b7a5,d397cd38ebae427ca4304745cd901ba4,2732,4432,吾悦广场住宅幕墙,out,DYS2020-33,WBHTGL-20201102-002,1000000274,2,,德阳新城亿博 房地产开发有限公司,legacy_contract_id,1ddeb25fc9654f998cbf8d95c456b7a5,use_model_sequence_only_after_write_authorization,defer_to_model_defaults_or_later_tax_precheck,create_as_draft_do_not_replay_legacy_workflow,do_not_create_lines,no
contract_header_slice200:0172,construction.contract,create_only,1e50aca10f3d4c5eb6b68f7ddde02286,ab85a39f56c54484bb2c8097a4a55b36,2627,4173,平武古城敬老院,out,MYS2019-71,WBHTGL-20200303-010,1000000087,2,,平武县民政局,legacy_contract_id,1e50aca10f3d4c5eb6b68f7ddde02286,use_model_sequence_only_after_write_authorization,defer_to_model_defaults_or_later_tax_precheck,create_as_draft_do_not_replay_legacy_workflow,do_not_create_lines,no
contract_header_slice200:0173,construction.contract,create_only,1e6b79ad2d6a41c387bd156a4248d620,6b4e37cd90a94055a69de211efdab846,2444,5864,危废暂存点制作安装工程,out,DYS2024-06,WBHTGL-20240118-001,17055404690740000,2,0,德阳二重新业建筑工程有限责任公司,legacy_contract_id,1e6b79ad2d6a41c387bd156a4248d620,use_model_sequence_only_after_write_authorization,defer_to_model_defaults_or_later_tax_precheck,create_as_draft_do_not_replay_legacy_workflow,do_not_create_lines,no
contract_header_slice200:0174,construction.contract,create_only,1ea14eeb25da489582e954014a7bf122,7c38d18f4d2e4ab6818f9527e46cce15,2488,3683,四川司法产教融合实训基地二期项目（运动场及附属设施）土石方工程,out,DYS2026-48,WBHTGL-20260323-001,17742463421610000,2,0,中建八局第一建设有限公司,legacy_contract_id,1ea14eeb25da489582e954014a7bf122,use_model_sequence_only_after_write_authorization,defer_to_model_defaults_or_later_tax_precheck,create_as_draft_do_not_replay_legacy_workflow,do_not_create_lines,no
contract_header_slice200:0175,construction.contract,create_only,1ea6155546b446c887bbb3be8191074d,616ed34f2e0040da880cf3913cdf6700,2417,5800,《21-22号厂房消防工程分包合同》补充协议,out,BZS2024-04-1,WBHTGL-20240619-001,17187858429320000,2,0,中铁十八局集团有限公司巴中恩阳临港产业园项目经理部,legacy_contract_id,1ea6155546b446c887bbb3be8191074d,use_model_sequence_only_after_write_authorization,defer_to_model_defaults_or_later_tax_precheck,create_as_draft_do_not_replay_legacy_workflow,do_not_create_lines,no
contract_header_slice200:0176,construction.contract,create_only,1ecbd4639218485c9f2fbf09046a595d,ec8e6e03ff4c40cfb4ce25cdddc7474e,2813,5871,嘉利广场1.2期新建户表工程,out,DYS2021-01-08,WBHTGL-20210120-006,1000000355,2,,德阳市供水安装工程队,legacy_contract_id,1ecbd4639218485c9f2fbf09046a595d,use_model_sequence_only_after_write_authorization,defer_to_model_defaults_or_later_tax_precheck,create_as_draft_do_not_replay_legacy_workflow,do_not_create_lines,no
contract_header_slice200:0177,construction.contract,create_only,1f1fe524666f4444b8465d09f2b8ac1a,0c4f914eee3547c185a2108fc1f768df,2147,3928,太行山路（钱塘江路-信江路）道路工程水泥稳定基层施工专业分包,out,DYS2021-18,WBHTGL-20210322-002,1000000386,2,,四川富祥建筑工程有限公司,legacy_contract_id,1f1fe524666f4444b8465d09f2b8ac1a,use_model_sequence_only_after_write_authorization,defer_to_model_defaults_or_later_tax_precheck,create_as_draft_do_not_replay_legacy_workflow,do_not_create_lines,no
contract_header_slice200:0178,construction.contract,create_only,1f28aab4e65c4033adac328c2f4d00ec,77f6ddc2d277451f922b7c5177530dde,2474,4313,违法建（构）筑物拆除工程施工协议2021,out,DYS2021-38,WBHTGL-20210519-001,1000000432,2,,德阳市城市管理行政执法局,legacy_contract_id,1f28aab4e65c4033adac328c2f4d00ec,use_model_sequence_only_after_write_authorization,defer_to_model_defaults_or_later_tax_precheck,create_as_draft_do_not_replay_legacy_workflow,do_not_create_lines,no
contract_header_slice200:0179,construction.contract,create_only,1f3d236601bf4723914897078631c3f1,ec8e6e03ff4c40cfb4ce25cdddc7474e,2813,5871,沁心苑给水管道两端进水碰头工程,out,DYS2024-195,WBHTGL-20240923-046,17270742101220000,2,0,德阳市供水安装工程队,legacy_contract_id,1f3d236601bf4723914897078631c3f1,use_model_sequence_only_after_write_authorization,defer_to_model_defaults_or_later_tax_precheck,create_as_draft_do_not_replay_legacy_workflow,do_not_create_lines,no
contract_header_slice200:0180,construction.contract,create_only,1f545cfad5d841fb869da9e2c1548e7b,9ebba094a48443a39dd7e1421da8dfbb,2588,4438,德邻颐品餐厅厨房、锅炉房燃气报警系统安装工程,out,DYS2022-39-24,WBHTGL-20221130-001,1000000825,2,,德阳旌城万势养老服务有限公司,legacy_contract_id,1f545cfad5d841fb869da9e2c1548e7b,use_model_sequence_only_after_write_authorization,defer_to_model_defaults_or_later_tax_precheck,create_as_draft_do_not_replay_legacy_workflow,do_not_create_lines,no
contract_header_slice200:0181,construction.contract,create_only,1f6935acda984e979fe069cf17f5ca0b,a3f1efed66944330a8825ac889c5cb86,2609,3666,充电式运输车辆集中充电整改合同,out,CDS2024-146,WBHTGL-20240911-002,17260259895350000,2,0,中国航发航空科技股份有限公司,legacy_contract_id,1f6935acda984e979fe069cf17f5ca0b,use_model_sequence_only_after_write_authorization,defer_to_model_defaults_or_later_tax_precheck,create_as_draft_do_not_replay_legacy_workflow,do_not_create_lines,no
contract_header_slice200:0182,construction.contract,create_only,1f85a83bee664ef0b817781211304e48,46792322bab04858b17a5b9e3345cf5d,2332,5892,广汉市连山镇农村集体经济融合发展示范项目——广汉市连山镇农产品展示展销中心（二期）劳务分包工程,out,DYS2024-220,WBHTGL-20241010-001,17285234360120000,2,0,德阳经开建设工程有限公司,legacy_contract_id,1f85a83bee664ef0b817781211304e48,use_model_sequence_only_after_write_authorization,defer_to_model_defaults_or_later_tax_precheck,create_as_draft_do_not_replay_legacy_workflow,do_not_create_lines,no
contract_header_slice200:0183,construction.contract,create_only,1fd359dc98584972b23e1f20604a95ac,99859d05ebee43d98f4b947a62aaccab,2575,3694,中核城建德阿项目(EPC)工程27#地块钢结构厂房屋面光伏安装施工专业分包,out,DYS2025-193,WBHTGL-20251111-001,17628233225260000,2,0,中核城市建设发展有限公司,legacy_contract_id,1fd359dc98584972b23e1f20604a95ac,use_model_sequence_only_after_write_authorization,defer_to_model_defaults_or_later_tax_precheck,create_as_draft_do_not_replay_legacy_workflow,do_not_create_lines,no
contract_header_slice200:0184,construction.contract,create_only,1fd5f82a826b4cf0a2c8e89c977027ce,99d71acc6c124557921fbd34cd845492,2578,5884,罗江区城镇污水垃圾治理-城区垃圾中转站改造项目,out,DYS2022-74,WBHTGL-20220914-001,1000000757,2,,德阳市罗江区综合行政执法局,legacy_contract_id,1fd5f82a826b4cf0a2c8e89c977027ce,use_model_sequence_only_after_write_authorization,defer_to_model_defaults_or_later_tax_precheck,create_as_draft_do_not_replay_legacy_workflow,do_not_create_lines,no
contract_header_slice200:0185,construction.contract,create_only,1fdc7050a7ad44b9b577cf43a4147b34,6b4e37cd90a94055a69de211efdab846,2444,5803,热处理厂加氢容器缓冲块焊接工程外包项目,out,DYS2024-250,WBHTGL-20241204-003,17332933419250000,2,0,二重（德阳）重型装备有限公司,legacy_contract_id,1fdc7050a7ad44b9b577cf43a4147b34,use_model_sequence_only_after_write_authorization,defer_to_model_defaults_or_later_tax_precheck,create_as_draft_do_not_replay_legacy_workflow,do_not_create_lines,no
contract_header_slice200:0186,construction.contract,create_only,1fdf080399e2465da20adbb890eaad80,f076f5c267084d478373fc91f1157091,2826,3600,模锻厂45MN泵站降温改造,out,DYS2022-97,WBHTGL-20221128-001,1000000824,2,,中国二重型机械集团德阳万航模锻有限责任公司,legacy_contract_id,1fdf080399e2465da20adbb890eaad80,use_model_sequence_only_after_write_authorization,defer_to_model_defaults_or_later_tax_precheck,create_as_draft_do_not_replay_legacy_workflow,do_not_create_lines,no
contract_header_slice200:0187,construction.contract,create_only,1fecfbba53b64fb79999af6ee06c49ee,e1391ec880fb40b79668111da2f78540,2777,4564,国网新疆喀什供电公司110kV叶果线杆塔提升隐患治理大修等13项工程,out,XJ2025-52,WBHTGL-20250418-001,17449568316180000,2,0,新疆喀什电盛有限责任公司,legacy_contract_id,1fecfbba53b64fb79999af6ee06c49ee,use_model_sequence_only_after_write_authorization,defer_to_model_defaults_or_later_tax_precheck,create_as_draft_do_not_replay_legacy_workflow,do_not_create_lines,no
contract_header_slice200:0188,construction.contract,create_only,202a83dcb7c347fe89e21befb3191100,a3f1efed66944330a8825ac889c5cb86,2609,3666,1厂及2厂安全隐患专项整改,out,CDS2025-130,WBHTGL-20250814-001,17551622169850000,2,0,中国航发航空科技股份有限公司,legacy_contract_id,202a83dcb7c347fe89e21befb3191100,use_model_sequence_only_after_write_authorization,defer_to_model_defaults_or_later_tax_precheck,create_as_draft_do_not_replay_legacy_workflow,do_not_create_lines,no
contract_header_slice200:0189,construction.contract,create_only,202d5c645ed246a68a452ac981dd45cc,b7f07bc4b72c4cd29b5d1b445b499386,2661,3935,体育部健身馆南面地面改造项目,out,DYS2022-04-09,WBHTGL-20220705-001,1000000680,2,,四川工程职业技术学院,legacy_contract_id,202d5c645ed246a68a452ac981dd45cc,use_model_sequence_only_after_write_authorization,defer_to_model_defaults_or_later_tax_precheck,create_as_draft_do_not_replay_legacy_workflow,do_not_create_lines,no
contract_header_slice200:0190,construction.contract,create_only,20e96069c08448ef8372d0158fc66b15,6b4e37cd90a94055a69de211efdab846,2444,4114,金结厂设备基础零星维修工程,out,DYS2025-198,WBHTGL-20251112-005,17629366911970000,2,0,安徽电气集团股份有限公司,legacy_contract_id,20e96069c08448ef8372d0158fc66b15,use_model_sequence_only_after_write_authorization,defer_to_model_defaults_or_later_tax_precheck,create_as_draft_do_not_replay_legacy_workflow,do_not_create_lines,no
contract_header_slice200:0191,construction.contract,create_only,21170dac2d8d427fa2cf651041b17acd,ade530f935bc4134a288b363dddb4b49,2637,4564,国网新疆喀什供电公司110kV一明线接地网大修等2项工程,out,XJ2025-53,WBHTGL-20250418-002,17449570209770000,2,0,新疆喀什电盛有限责任公司,legacy_contract_id,21170dac2d8d427fa2cf651041b17acd,use_model_sequence_only_after_write_authorization,defer_to_model_defaults_or_later_tax_precheck,create_as_draft_do_not_replay_legacy_workflow,do_not_create_lines,no
contract_header_slice200:0192,construction.contract,create_only,211b6911f3674edd923ab1ffcd0ffbfe,12dc2d35442c43f481d6e3880f8a306e,2165,4475,德阳市中心城区穿城堰、丁家堰、干河子、胜利堰四条黑臭水体整治工程青衣江公园剩余工程（补充协议RB-HCST-127-BC2）,out,DYS2024-75,WBHTGL-20240508-002,17151611188740000,2,0,德阳蓉北建设工程有限公司,legacy_contract_id,211b6911f3674edd923ab1ffcd0ffbfe,use_model_sequence_only_after_write_authorization,defer_to_model_defaults_or_later_tax_precheck,create_as_draft_do_not_replay_legacy_workflow,do_not_create_lines,no
contract_header_slice200:0193,construction.contract,create_only,212dd855fb144bd6a979f23a05942f0f,6b4e37cd90a94055a69de211efdab846,2444,3839,模锻厂-800MN应力应变在线监测系统,out,DYS2025-75,WBHTGL-20250609-002,17494493931780000,2,0,南京贺普科技有限公司,legacy_contract_id,212dd855fb144bd6a979f23a05942f0f,use_model_sequence_only_after_write_authorization,defer_to_model_defaults_or_later_tax_precheck,create_as_draft_do_not_replay_legacy_workflow,do_not_create_lines,no
contract_header_slice200:0194,construction.contract,create_only,21d3cc4c8ea14bab9d4d9f2e8b9eba78,a276363513d1424da525b3a0069cad76,2604,5889,青衣江小学东侧绿化带整治,out,DYS2023-11,WBHTGL-20230118-001,1000000877,2,,德阳旌信物业服务股份有限公司,legacy_contract_id,21d3cc4c8ea14bab9d4d9f2e8b9eba78,use_model_sequence_only_after_write_authorization,defer_to_model_defaults_or_later_tax_precheck,create_as_draft_do_not_replay_legacy_workflow,do_not_create_lines,no
contract_header_slice200:0195,construction.contract,create_only,22525ffb01bc411dba1b110920cacf64,6b4e37cd90a94055a69de211efdab846,2444,5803,金结厂西侧厕所防雨及配气站道路整改,out,DSY2021-09-04,WBHTGL-20210401-002,1000000389,2,,二重（德阳）重型装备有限公司,legacy_contract_id,22525ffb01bc411dba1b110920cacf64,use_model_sequence_only_after_write_authorization,defer_to_model_defaults_or_later_tax_precheck,create_as_draft_do_not_replay_legacy_workflow,do_not_create_lines,no
contract_header_slice200:0196,construction.contract,create_only,22a08c1f7dff48068016ef83c7181d95,9ebba094a48443a39dd7e1421da8dfbb,2588,4594,旌阳区清真寺一、二层厨房燃气报警系统安装工程,out,DYS2022-39-18,WBHTGL-20221017-001,1000000777,2,,旌阳区旌阳清真寺,legacy_contract_id,22a08c1f7dff48068016ef83c7181d95,use_model_sequence_only_after_write_authorization,defer_to_model_defaults_or_later_tax_precheck,create_as_draft_do_not_replay_legacy_workflow,do_not_create_lines,no
contract_header_slice200:0197,construction.contract,create_only,22ba08f7b6544882876aac5392bc9436,816c71305aa94216886d5a43d371eb0f,2504,5867,国网国网四川省电力公司家属区物业改造,out,DYS2019-16,WBHTGL-20200305-003,1000000094,2,,德阳国信建设工程有限公司,legacy_contract_id,22ba08f7b6544882876aac5392bc9436,use_model_sequence_only_after_write_authorization,defer_to_model_defaults_or_later_tax_precheck,create_as_draft_do_not_replay_legacy_workflow,do_not_create_lines,no
contract_header_slice200:0198,construction.contract,create_only,2330a44cb15d4a718b54ec511d3f3b94,e292fb92ad184e6d8715c99a89bd2beb,2782,5022,信达国际A栋1、2、3号D栋1、2号电梯井改造工程补充协议,out,CQS2022-53-1,WBHTGL-20230302-002,1000000889,2,0,金科智慧服务集团有限公司重庆分公司,legacy_contract_id,2330a44cb15d4a718b54ec511d3f3b94,use_model_sequence_only_after_write_authorization,defer_to_model_defaults_or_later_tax_precheck,create_as_draft_do_not_replay_legacy_workflow,do_not_create_lines,no
contract_header_slice200:0199,construction.contract,create_only,2357dd49865a463da5b12e064b04a525,ec8e6e03ff4c40cfb4ce25cdddc7474e,2813,5871,八角垃圾压缩转运站项目新建总表工程,out,DYS2024-152,WBHTGL-20240923-001,17270554591690000,2,0,德阳市供水安装工程队,legacy_contract_id,2357dd49865a463da5b12e064b04a525,use_model_sequence_only_after_write_authorization,defer_to_model_defaults_or_later_tax_precheck,create_as_draft_do_not_replay_legacy_workflow,do_not_create_lines,no
contract_header_slice200:0200,construction.contract,create_only,23c7fba29e544cfebb4436ce81029817,6b4e37cd90a94055a69de211efdab846,2444,5803,炼钢厂厂房行车轨道修理,out,DYS2021-09-19,WBHTGL-20210915-001,1000000504,2,,二重（德阳）重型装备有限公司,legacy_contract_id,23c7fba29e544cfebb4436ce81029817,use_model_sequence_only_after_write_authorization,defer_to_model_defaults_or_later_tax_precheck,create_as_draft_do_not_replay_legacy_workflow,do_not_create_lines,no
