legacy_contract_id,legacy_project_id,project_id,project_name,partner_id,partner_name,subject,type,legacy_contract_no,legacy_document_no,legacy_external_contract_no,legacy_status,legacy_deleted_flag,legacy_counterparty_text,tax_id_policy,name_policy,state_policy,dry_run_status,dry_run_blockers
4b019aa6b2b54579968e2530cf653062,6b4e37cd90a94055a69de211efdab846,2444,"{""en_US"": ""易静工程（德阳二重工程项目）""}",5803,二重（德阳）重型装备有限公司,铸造厂清理热处理区域能源管道涂刷整治项目,out,DYS2025-171,WBHTGL-20251013-001,17603367083200000,2,0,二重（德阳）重型装备有限公司,defer_to_separate_readonly_precheck,use_model_sequence_only_after_write_authorization,create_as_draft_do_not_replay_legacy_workflow,READY_FOR_READONLY_PRECHECK,
4b01d61c23a346c283f37cfe285b35b4,6b4e37cd90a94055a69de211efdab846,2444,"{""en_US"": ""易静工程（德阳二重工程项目）""}",3663,中国第二重型机械集团德阳万航模锻有限责任公司,模锻厂-M2T切边机电气安全隐患整改,out,DYS2025-100,WBHTGL-20250704-004,17516093411070000,2,0,中国第二重型机械集团德阳万航模锻有限责任公司,defer_to_separate_readonly_precheck,use_model_sequence_only_after_write_authorization,create_as_draft_do_not_replay_legacy_workflow,READY_FOR_READONLY_PRECHECK,
4b1494006d45439ab88f3088cef7958c,6b4e37cd90a94055a69de211efdab846,2444,"{""en_US"": ""易静工程（德阳二重工程项目）""}",5803,二重（德阳）重型装备有限公司,齿轮、重机厂电子显示屏升级改造项目,out,DYS2023-159,WBHTGL-20231102-001,16989139235210000,2,0,二重（德阳）重型装备有限公司,defer_to_separate_readonly_precheck,use_model_sequence_only_after_write_authorization,create_as_draft_do_not_replay_legacy_workflow,READY_FOR_READONLY_PRECHECK,
4bd719d2c5fd4cdc99cc15704692694a,b7f07bc4b72c4cd29b5d1b445b499386,2661,"{""en_US"": ""工程学院零星项目""}",3935,四川工程职业技术学院,酒店东侧倾斜围墙修复项目,out,DYS2020-07-15,WBHTGL-20200723-002,1000000229,2,,四川工程职业技术学院,defer_to_separate_readonly_precheck,use_model_sequence_only_after_write_authorization,create_as_draft_do_not_replay_legacy_workflow,READY_FOR_READONLY_PRECHECK,
4bf13c1d64094ce9aa6870adb84302b8,369f099d737d448aa55cd8f191da953b,2279,"{""en_US"": ""铜梁区二坪镇严家村二、三、五组公路工程""}",4976,重庆市铜梁区二坪镇人民政府,铜梁区二坪镇严家村公路工程,out,CQS2020-13,WBHTGL-20200519-001,1000000193,2,,重庆市铜梁区二坪镇人民政府,defer_to_separate_readonly_precheck,use_model_sequence_only_after_write_authorization,create_as_draft_do_not_replay_legacy_workflow,READY_FOR_READONLY_PRECHECK,
4c15e2477faf4ec48e71e0125873a148,6b4e37cd90a94055a69de211efdab846,2444,"{""en_US"": ""易静工程（德阳二重工程项目）""}",5803,二重（德阳）重型装备有限公司,室外建筑物固定式爬梯安全整治合同,out,DYS2024-79,WBHTGL-20240513-002,17155714665980000,2,0,二重（德阳）重型装备有限公司,defer_to_separate_readonly_precheck,use_model_sequence_only_after_write_authorization,create_as_draft_do_not_replay_legacy_workflow,READY_FOR_READONLY_PRECHECK,
4c2c9b0c55344bedb2c216ed32950a8e,ec8e6e03ff4c40cfb4ce25cdddc7474e,2813,"{""en_US"": ""向东工程""}",5871,德阳市供水安装工程队,金沙江路686号四川英杰电气股份有限公司分户工程,out,DYS2024-182,WBHTGL-20240923-032,17270605423570000,2,0,德阳市供水安装工程队,defer_to_separate_readonly_precheck,use_model_sequence_only_after_write_authorization,create_as_draft_do_not_replay_legacy_workflow,READY_FOR_READONLY_PRECHECK,
4c49511159c84b38860aac91c8fd4564,37a2903cc4f94a9194faedfa2148bb0e,2282,"{""en_US"": ""苍溪县2020年龙山镇金虎村12个村和龙山镇水娅村等12个村城乡建设用地增减挂钩项目""}",5914,苍溪县兴苍建设有限公司,苍溪县、龙山镇金虎村等12个村和龙山镇水垭村等12个村城乡建设用地增减挂钩试点项目,out,GYS2021-23,WBHTGL-20210408-005,1000000400,2,,苍溪县兴苍建设有限公司,defer_to_separate_readonly_precheck,use_model_sequence_only_after_write_authorization,create_as_draft_do_not_replay_legacy_workflow,READY_FOR_READONLY_PRECHECK,
4c4b6bcb0aa84b929f22909d9b0870be,6b4e37cd90a94055a69de211efdab846,2444,"{""en_US"": ""易静工程（德阳二重工程项目）""}",3663,中国第二重型机械集团德阳万航模锻有限责任公司,万航模锻504#、505#配电室安全整改,out,DYS2023-83,WBHTGL-20230712-001,1000000970,2,0,中国第二重型机械集团德阳万航模锻有限责任公司,defer_to_separate_readonly_precheck,use_model_sequence_only_after_write_authorization,create_as_draft_do_not_replay_legacy_workflow,READY_FOR_READONLY_PRECHECK,
4c6e8fc381a047b49df3531bbefdbc65,b7f07bc4b72c4cd29b5d1b445b499386,2661,"{""en_US"": ""工程学院零星项目""}",3935,四川工程职业技术学院,实习工厂四合院周边人行道改造,out,DYS2023-72,WBHTGL-20230706-001,1000000959,2,0,四川工程职业技术学院,defer_to_separate_readonly_precheck,use_model_sequence_only_after_write_authorization,create_as_draft_do_not_replay_legacy_workflow,READY_FOR_READONLY_PRECHECK,
4cbe315cd45d4594bb982b3599317069,ec8e6e03ff4c40cfb4ce25cdddc7474e,2813,"{""en_US"": ""向东工程""}",5871,德阳市供水安装工程队,文泰尚城后门门卫分户工程,out,DYS2022-16-58,WBHTGL-20220726-035,1000000732,2,,德阳市供水安装工程队,defer_to_separate_readonly_precheck,use_model_sequence_only_after_write_authorization,create_as_draft_do_not_replay_legacy_workflow,READY_FOR_READONLY_PRECHECK,
4cc6d469bb374ac8b8cc2f8b66f63165,4e69feaf5c854b54a44de07e4e94300c,2359,"{""en_US"": ""中国移动四川公司市州分公司2025年—2028年管理用房及生产枢纽楼公共区域零星维修项目的标包13 南充""}",117,中国移动通信集团四川有限公司南充分公司,中国移动四川公司市州分公司2025年—2028年管理用房及生产枢纽楼公共区域零星维修项目的标包13 南充,out,NCS2025-159,WBHTGL-20250924-001,17586760418880000,2,0,中国移动通信集团四川有限公司南充分公司,defer_to_separate_readonly_precheck,use_model_sequence_only_after_write_authorization,create_as_draft_do_not_replay_legacy_workflow,READY_FOR_READONLY_PRECHECK,
4cc8c31c19754d8e805f5e8c125c063a,5ce3a10946434bf3bb1a79351d5de269,2407,"{""en_US"": ""广东西部沿海高速公路珠海段斗门收费站建设工程房建工程""}",5807,保利长大工程有限公司,广东西部沿海高速公路珠海段斗门收费站建设工程房建工程,out,ZHS2021-77,WBHTGL-20210916-001,1000000505,2,,保利长大工程有限公司,defer_to_separate_readonly_precheck,use_model_sequence_only_after_write_authorization,create_as_draft_do_not_replay_legacy_workflow,READY_FOR_READONLY_PRECHECK,
4cdc2f64f67c44c0bf3a9dd8e0d1b1a3,6b4e37cd90a94055a69de211efdab846,2444,"{""en_US"": ""易静工程（德阳二重工程项目）""}",5803,二重（德阳）重型装备有限公司,易静工程（德阳二重工程项目）,out,DYS2020-06-13,WBHTGL-20200521-003,1000000196,2,,二重（德阳）重型装备有限公司,defer_to_separate_readonly_precheck,use_model_sequence_only_after_write_authorization,create_as_draft_do_not_replay_legacy_workflow,READY_FOR_READONLY_PRECHECK,
4d68ad3881054ded9a29a8aa02f415ab,39b007f2fcac4bcabaed31c907846e8b,2292,"{""en_US"": ""德阳市旌阳区东湖-和新（崴和路）道路改建工程二标段""}",5806,伟宸建设集团有限公司,德阳市旌阳区东湖-和新（崴和路）道路改建工程二标段,out,DYS2021-117,WBHTGL-20211229-002,1000000575,2,,伟宸建设集团有限公司,defer_to_separate_readonly_precheck,use_model_sequence_only_after_write_authorization,create_as_draft_do_not_replay_legacy_workflow,READY_FOR_READONLY_PRECHECK,
4d8d28b58a934e849c64356983c47b0a,b7f07bc4b72c4cd29b5d1b445b499386,2661,"{""en_US"": ""工程学院零星项目""}",3935,四川工程职业技术学院,工程中心东面环境清理项目,out,DYS2023-03-07,WBHTGL-20230315-003,1000000895,2,,四川工程职业技术学院,defer_to_separate_readonly_precheck,use_model_sequence_only_after_write_authorization,create_as_draft_do_not_replay_legacy_workflow,READY_FOR_READONLY_PRECHECK,
4dc5858802b248cda342bbd801973c1c,fbbe809ac1994bf9a245f59229553730,2853,"{""en_US"": ""四川建筑职业技术学院成都校区迁建工程（二期）室内外消防工程""}",5830,四川建筑职业技术学院,结算审核报告,out,DYS2022-80-1,WBHTGL-20241024-002,17297352637370000,2,0,四川建筑职业技术学院,defer_to_separate_readonly_precheck,use_model_sequence_only_after_write_authorization,create_as_draft_do_not_replay_legacy_workflow,READY_FOR_READONLY_PRECHECK,
4e451bb1e7ee44e6b380f0a936b1ecb2,b3f527d6f80c45498a54241c44fee03b,2651,"{""en_US"": ""罗江区2020年暴雨洪灾水毁修复9个工程施工分包单位及单价补充协议书""}",5846,四川纹江致远建筑开发工程有限公司,罗江区2020年暴雨洪灾水毁修复9个工程施工分包单位及单价补充协议书,out,DYS2021-74,WBHTGL-20210827-002,1000000500,2,,四川纹江致远建筑开发工程有限公司,defer_to_separate_readonly_precheck,use_model_sequence_only_after_write_authorization,create_as_draft_do_not_replay_legacy_workflow,READY_FOR_READONLY_PRECHECK,
4e7ead75b9af456c84c41e3eb4cd25c6,6b4e37cd90a94055a69de211efdab846,2444,"{""en_US"": ""易静工程（德阳二重工程项目）""}",5803,二重（德阳）重型装备有限公司,重机厂36米跨机床围栏整治项目,out,DYS2024-42,WBHTGL-20240223-002,17086500873450000,2,0,二重（德阳）重型装备有限公司,defer_to_separate_readonly_precheck,use_model_sequence_only_after_write_authorization,create_as_draft_do_not_replay_legacy_workflow,READY_FOR_READONLY_PRECHECK,
4e8257e59afe4eee99d9658743f3f399,6b4e37cd90a94055a69de211efdab846,2444,"{""en_US"": ""易静工程（德阳二重工程项目）""}",3663,中国第二重型机械集团德阳万航模锻有限责任公司,采购部-D307洽谈室装修,out,DYS2024-217,WBHTGL-20241008-001,17283500311220000,2,0,中国第二重型机械集团德阳万航模锻有限责任公司,defer_to_separate_readonly_precheck,use_model_sequence_only_after_write_authorization,create_as_draft_do_not_replay_legacy_workflow,READY_FOR_READONLY_PRECHECK,
4ed02f0d07c64f2d859097031ca7b172,81f1c11cde6e4db0bc782b1aaf07f75d,2507,"{""en_US"": ""德阳市供水安装工程队非招标项目施工劳务分包备选合同""}",5871,德阳市供水安装工程队,德阳市供水安装工程队非招标项目施工劳务分包备选合同,out,DYS2020-23,WBHTGL-20200324-001,1000000152,2,,德阳市供水安装工程队,defer_to_separate_readonly_precheck,use_model_sequence_only_after_write_authorization,create_as_draft_do_not_replay_legacy_workflow,READY_FOR_READONLY_PRECHECK,
4ed269af1cdd4da1b4acbd747c13ecaf,7fd8ea3e59b7430fa97844b5fde512e4,2499,"{""en_US"": ""西昌市西部城区A2-04地块房地产开发项目项目消防、智能化、暖通预留预埋部分安装专业分包""}",4514,成都建工第一建筑工程有限公司,西部城区A2-04地块房地产开发项目,out,XCS2025-10,WBHTGL-20250120-002,17373594055920000,2,0,成都建工第一建筑工程有限公司,defer_to_separate_readonly_precheck,use_model_sequence_only_after_write_authorization,create_as_draft_do_not_replay_legacy_workflow,READY_FOR_READONLY_PRECHECK,
4f0e4e5c501a40f78fc13d715c1999ae,ec8e6e03ff4c40cfb4ce25cdddc7474e,2813,"{""en_US"": ""向东工程""}",5871,德阳市供水安装工程队,融发雅居移表工程,out,DYS2022-16-49,WBHTGL-20220726-027,1000000724,2,,德阳市供水安装工程队,defer_to_separate_readonly_precheck,use_model_sequence_only_after_write_authorization,create_as_draft_do_not_replay_legacy_workflow,READY_FOR_READONLY_PRECHECK,
4f7a42dbbdcf418bbad87fe46f871d8f,d9c6cbd20d9f41cc876ad845341304d7,2748,"{""en_US"": ""重庆轨道交通15号线一期土建工程果塘路站二期给水管线迁改工程""}",3731,中铁二局集团有限公司,重庆轨道交通15号线一期土建工程果塘路站二期给水管线迁改工程,out,CQS2023-71,WBHTGL-20230705-001,1000000958,2,0,中铁二局集团有限公司,defer_to_separate_readonly_precheck,use_model_sequence_only_after_write_authorization,create_as_draft_do_not_replay_legacy_workflow,READY_FOR_READONLY_PRECHECK,
4fb679fc152a439c9ff8bd775d3f6c30,1abe1430e27d4765b61cf3ae4b341c24,2192,"{""en_US"": ""凯州新城城乡一体化项目配套建设工程钢结构工程专业分包（第二次）""}",4475,德阳蓉北建设工程有限公司,凯州新城城乡一体化项目配套建设工程钢结构工程专业分包（第二次）,out,DYS2023-15,WBHTGL-20230327-005,1000000906,2,0,德阳蓉北建设工程有限公司,defer_to_separate_readonly_precheck,use_model_sequence_only_after_write_authorization,create_as_draft_do_not_replay_legacy_workflow,READY_FOR_READONLY_PRECHECK,
4fda001f8d8642029d888c520334a538,1ce3b31d6d8544479618158ea59ed160,2198,"{""en_US"": ""中国移动四川分公司成都片区2018-2020年渠道零星维修项目（标包1）""}",3656,中国移动通信集团四川有限公司成都分公司,中国移动四川分公司成都片区2018-2020年渠道零星维修项目,out,CDS2019-27,WBHTGL-20200311-006,1000000115,2,,中国移动通信集团四川有限公司成都分公司,defer_to_separate_readonly_precheck,use_model_sequence_only_after_write_authorization,create_as_draft_do_not_replay_legacy_workflow,READY_FOR_READONLY_PRECHECK,
4ffa98e91b5f4bfda11ee5d8faa08d96,ec8e6e03ff4c40cfb4ce25cdddc7474e,2813,"{""en_US"": ""向东工程""}",5871,德阳市供水安装工程队,国家发电设备机械零部件检测中心施工用水工程,out,DYS2022-16-38,WBHTGL-20220726-016,1000000713,2,,德阳市供水安装工程队,defer_to_separate_readonly_precheck,use_model_sequence_only_after_write_authorization,create_as_draft_do_not_replay_legacy_workflow,READY_FOR_READONLY_PRECHECK,
5026c6f08b954f04b8aca6abb0ade00c,ec8e6e03ff4c40cfb4ce25cdddc7474e,2813,"{""en_US"": ""向东工程""}",5871,德阳市供水安装工程队,翠竹苑B6栋1-2、2-2号、陈银3-2、4-2号分户工程,out,DYS2022-16-27,WBHTGL-20220726-005,1000000702,2,,德阳市供水安装工程队,defer_to_separate_readonly_precheck,use_model_sequence_only_after_write_authorization,create_as_draft_do_not_replay_legacy_workflow,READY_FOR_READONLY_PRECHECK,
5028339de3e842e1a86a2832ecf7ef92,6b4e37cd90a94055a69de211efdab846,2444,"{""en_US"": ""易静工程（德阳二重工程项目）""}",3663,中国第二重型机械集团德阳万航模锻有限责任公司,热处理厂4跨、5 跨、6跨照明改造,out,DYS2024-131,WBHTGL-20240819-001,17240289273900000,2,0,中国第二重型机械集团德阳万航模锻有限责任公司,defer_to_separate_readonly_precheck,use_model_sequence_only_after_write_authorization,create_as_draft_do_not_replay_legacy_workflow,READY_FOR_READONLY_PRECHECK,
503fe079b2a0457c990c945bba8b4dc2,b79f8cb44d6045c1869f6bb575b5e77e,2659,"{""en_US"": ""绵阳市安州区人民检察院智慧检察系统Ⅴ期办案工作区土建项目""}",4761,绵阳市安州区人民检察院,绵阳市安州区人民检察院智慧检察系统V期办案工作区土建项目,out,MYS2024-261,WBHTGL-20241226-001,17351775486940000,2,0,绵阳市安州区人民检察院,defer_to_separate_readonly_precheck,use_model_sequence_only_after_write_authorization,create_as_draft_do_not_replay_legacy_workflow,READY_FOR_READONLY_PRECHECK,
506984fd7edf4a41bdb2a735ba949891,6b4e37cd90a94055a69de211efdab846,2444,"{""en_US"": ""易静工程（德阳二重工程项目）""}",3664,中国第二重型机械集团德阳万路运业有限公司,砖库粉刷乳胶漆等项目,out,DYS2025-218,WBHTGL-20251203-001,17647289854370000,2,0,中国第二重型机械集团德阳万路运业有限公司,defer_to_separate_readonly_precheck,use_model_sequence_only_after_write_authorization,create_as_draft_do_not_replay_legacy_workflow,READY_FOR_READONLY_PRECHECK,
506bf5bb173447bdb440c6eee9e75b6a,b7f07bc4b72c4cd29b5d1b445b499386,2661,"{""en_US"": ""工程学院零星项目""}",3935,四川工程职业技术学院,2021年雨季应急抢险项目,out,DYS2021-13-20,WBHTGL-20210929-003,1000000517,2,,四川工程职业技术学院,defer_to_separate_readonly_precheck,use_model_sequence_only_after_write_authorization,create_as_draft_do_not_replay_legacy_workflow,READY_FOR_READONLY_PRECHECK,
507bf22ca5554abbaf9d57ec3be96825,6b4e37cd90a94055a69de211efdab846,2444,"{""en_US"": ""易静工程（德阳二重工程项目）""}",5803,二重（德阳）重型装备有限公司,供水泵房安全整改工程,out,DYS2023-157,WBHTGL-20231030-002,16986559401510000,2,0,二重（德阳）重型装备有限公司,defer_to_separate_readonly_precheck,use_model_sequence_only_after_write_authorization,create_as_draft_do_not_replay_legacy_workflow,READY_FOR_READONLY_PRECHECK,
50b3b23fbde3483fa7c5adc905efcd55,dc59bf70a1a54961a96e4a169555842f,2756,"{""en_US"": ""洛浦县市政基础设施建设及配套项目（施工一标段）""}",4679,洛浦县住房和城乡建设局,洛浦县市政基础设施建设及配套项目（施工一标段）,out,XJQ2021-58,WBHTGL-20210707-001,1000000475,2,,洛浦县住房和城乡建设局,defer_to_separate_readonly_precheck,use_model_sequence_only_after_write_authorization,create_as_draft_do_not_replay_legacy_workflow,READY_FOR_READONLY_PRECHECK,
50d97642aad94f0d8e2d9b5f2fa40d33,7804bf2a4b6e4d258d501945273868c0,2475,"{""en_US"": ""53019工程、3644-3、4、3617总坪安装工程""}",5798,中铁十九局集团有限公司,53019工程、3644-3、4、3617总坪安装工程,out,XZQ2021-104,WBHTGL-20211122-002,1000000549,2,,中铁十九局集团有限公司,defer_to_separate_readonly_precheck,use_model_sequence_only_after_write_authorization,create_as_draft_do_not_replay_legacy_workflow,READY_FOR_READONLY_PRECHECK,
50ed0524f0a2429a90138c6d1cd8e6e8,6b4e37cd90a94055a69de211efdab846,2444,"{""en_US"": ""易静工程（德阳二重工程项目）""}",3761,二重集团（德阳）精衡传动设备有限公司,易静工程（德阳二重工程项目）,out,DYS2020-06-01,WBHTGL-20200521-001,1000000194,2,,二重集团（德阳）精衡传动设备有限公司,defer_to_separate_readonly_precheck,use_model_sequence_only_after_write_authorization,create_as_draft_do_not_replay_legacy_workflow,READY_FOR_READONLY_PRECHECK,
520d07ffb4614bf4a20a02db7a8eb701,531c46015cb843b1a330c71e092fef13,2380,"{""en_US"": ""智慧之心项目2#、3#、4#、5#楼及裙楼景观绿化工程专业分包项目""}",5839,四川省东方兴发建设集团有限公司,智慧之心项目2#、3#、4#、5#楼及裙楼景观绿化工程专业分包项目,out,DYS2025-180,WBHTGL-20251023-001,17611808745120000,2,0,四川省东方兴发建设集团有限公司,defer_to_separate_readonly_precheck,use_model_sequence_only_after_write_authorization,create_as_draft_do_not_replay_legacy_workflow,READY_FOR_READONLY_PRECHECK,
52a1518e24724d64925229f920ba05ef,204822a6a35f4e76963dbeec9c3240d3,2211,"{""en_US"": ""中央公园西一游客服务中心工程项目""}",3991,四川瑞源建筑工程有限公司,中央公园西一游客服务中心工程项目,out,CDS2019-70,WBHTGL-20200229-027,1000000061,2,,四川瑞源建筑工程有限公司,defer_to_separate_readonly_precheck,use_model_sequence_only_after_write_authorization,create_as_draft_do_not_replay_legacy_workflow,READY_FOR_READONLY_PRECHECK,
52bb0b0ddbfb4122a17715ede5295cb4,b7f07bc4b72c4cd29b5d1b445b499386,2661,"{""en_US"": ""工程学院零星项目""}",3935,四川工程职业技术学院,五教广场及松苑餐厅楼梯地面防滑处理,out,DYS2023-03-03,WBHTGL-20230104-003,1000000864,2,,四川工程职业技术学院,defer_to_separate_readonly_precheck,use_model_sequence_only_after_write_authorization,create_as_draft_do_not_replay_legacy_workflow,READY_FOR_READONLY_PRECHECK,
52f40d2d41b7432595b3d283fe3f73e3,6b4e37cd90a94055a69de211efdab846,2444,"{""en_US"": ""易静工程（德阳二重工程项目）""}",5803,二重（德阳）重型装备有限公司,金结厂新跨厂房侧面防雨,out,DYS2022-15-8,WBHTGL-20220507-015,1000000656,2,,二重（德阳）重型装备有限公司,defer_to_separate_readonly_precheck,use_model_sequence_only_after_write_authorization,create_as_draft_do_not_replay_legacy_workflow,READY_FOR_READONLY_PRECHECK,
53316129ecb048a6a0b090e777d768ff,6b4e37cd90a94055a69de211efdab846,2444,"{""en_US"": ""易静工程（德阳二重工程项目）""}",5803,二重（德阳）重型装备有限公司,铸造厂1#干燥窑封闭式母排抢修,out,DYS2021-09-20,WBHTGL-20210924-001,1000000508,2,,二重（德阳）重型装备有限公司,defer_to_separate_readonly_precheck,use_model_sequence_only_after_write_authorization,create_as_draft_do_not_replay_legacy_workflow,READY_FOR_READONLY_PRECHECK,
53ab7792bf4e47c489c33dec8af9b3cb,7fa5e23b3bfa44e184eeaf9f6aa891c0,2497,"{""en_US"": ""水韵江南10栋维修""}",4365,德阳市水韵江南居住小区业委会,水韵江南10栋维修,out,DYS2021-83,WBHTGL-20210926-002,1000000512,2,,德阳市水韵江南居住小区业委会,defer_to_separate_readonly_precheck,use_model_sequence_only_after_write_authorization,create_as_draft_do_not_replay_legacy_workflow,READY_FOR_READONLY_PRECHECK,
54cf3a582b8d4408a7154fed0e9ef9b5,5c44a17531ae4105bde23f05303bda78,2404,"{""en_US"": ""花园路街道古楼片区配套基础设施建设工程""}",4934,重庆市南岸区人民政府花园路街道办事处,花园路街道古楼片区配套基础设施建设工程,out,CQS2021-08,WBHTGL-20210113-001,1000000344,2,,重庆市南岸区人民政府花园路街道办事处,defer_to_separate_readonly_precheck,use_model_sequence_only_after_write_authorization,create_as_draft_do_not_replay_legacy_workflow,READY_FOR_READONLY_PRECHECK,
5526062299464fb7a9e4d84c1557dd66,ec8e6e03ff4c40cfb4ce25cdddc7474e,2813,"{""en_US"": ""向东工程""}",5871,德阳市供水安装工程队,德阳市供水安装工程队,out,DYS2022-16-66,WBHTGL-20221117-005,1000000803,2,,德阳市供水安装工程队,defer_to_separate_readonly_precheck,use_model_sequence_only_after_write_authorization,create_as_draft_do_not_replay_legacy_workflow,READY_FOR_READONLY_PRECHECK,
5535495bb5d54e03913274602e4ebb27,ec8e6e03ff4c40cfb4ce25cdddc7474e,2813,"{""en_US"": ""向东工程""}",5871,德阳市供水安装工程队,旌阳区鞍山路202号东汽馨园二期A区3栋1-4号郭太友分户工程,out,DYS2022-16-81,WBHTGL-20221117-019,1000000817,2,,德阳市供水安装工程队,defer_to_separate_readonly_precheck,use_model_sequence_only_after_write_authorization,create_as_draft_do_not_replay_legacy_workflow,READY_FOR_READONLY_PRECHECK,
553efed34ca64bde8bb27667bd1b1170,0f3c19a871e446fc8cc9781f108d58e5,2157,"{""en_US"": ""米易县南部新城市政道路及生态湿地公园PPP项目-湿地公园建设项目""}",4930,重庆巨能建设（集团）有限公司米易分公司,米易县南部新城市政道路及生态湿地公园PPP项目-湿地公园建设项目,out,PZH2020-20,WBHTGL-20200716-001,1000000223,2,0,重庆巨能建设（集团）有限公司米易分公司,defer_to_separate_readonly_precheck,use_model_sequence_only_after_write_authorization,create_as_draft_do_not_replay_legacy_workflow,READY_FOR_READONLY_PRECHECK,
553f631c1a264735883409e3c9c8eb21,38a935363c53402fa59ee99c9170f8de,2287,"{""en_US"": ""医院商业服务配套安装工程""}",5869,德阳市人民医院,医院商业服务配套安装工程,out,DYS2026-09,WBHTGL-20260120-001,17688789760410000,2,0,德阳市人民医院,defer_to_separate_readonly_precheck,use_model_sequence_only_after_write_authorization,create_as_draft_do_not_replay_legacy_workflow,READY_FOR_READONLY_PRECHECK,
554a594f6b8c4ce8a89bd968748a28a3,027c5b467ae94e52aabb6f6218d310d4,2118,"{""en_US"": ""成渝双城经济圈川渝高竹新区制造产业园及配套基础设施建设项目（L3-1线道路及配套工程劳务分包）""}",4136,川渝高竹新区开发建设集团有限公司（四川高竹工程建设有限公司）,成渝双城经济圈川渝高竹新区制造产业园及配套基础设施建设项目（L3-1线道路及配套工程劳务分包）,out,CQS2022-52,WBHTGL-20220623-001,1000000677,2,,川渝高竹新区开发建设集团有限公司（四川高竹工程建设有限公司）,defer_to_separate_readonly_precheck,use_model_sequence_only_after_write_authorization,create_as_draft_do_not_replay_legacy_workflow,READY_FOR_READONLY_PRECHECK,
5571251175cf4221a301d81037c78d51,6b4e37cd90a94055a69de211efdab846,2444,"{""en_US"": ""易静工程（德阳二重工程项目）""}",3663,中国第二重型机械集团德阳万航模锻有限责任公司,采购部下料工段照明节能改造,out,DYS2023-169,WBHTGL-20231117-003,17001834079370000,2,0,中国第二重型机械集团德阳万航模锻有限责任公司,defer_to_separate_readonly_precheck,use_model_sequence_only_after_write_authorization,create_as_draft_do_not_replay_legacy_workflow,READY_FOR_READONLY_PRECHECK,
557354a1a54d40b7bf078c17f1f763eb,ec8e6e03ff4c40cfb4ce25cdddc7474e,2813,"{""en_US"": ""向东工程""}",5871,德阳市供水安装工程队,德阳市东汽小学扩建项目新建总表工程,out,DYS2024-165,WBHTGL-20240923-014,17270578850600000,2,0,德阳市供水安装工程队,defer_to_separate_readonly_precheck,use_model_sequence_only_after_write_authorization,create_as_draft_do_not_replay_legacy_workflow,READY_FOR_READONLY_PRECHECK,
55a2487ec6e043479a62aa40091da7eb,786f45af49be4b29b4a1ad2717804e0d,2478,"{""en_US"": ""德缆公司-能源装备及轨道交通用电缆数字化车间建设项目提升机房雨棚建设工程-雨棚建设""}",5572,特变电工（德阳）电缆股份有限公司,德缆公司力缆车间及新建能源装备车间提升机雨棚施工工程项目,out,DYS2025-34,WBHTGL-20250319-001,17423486859010000,2,0,特变电工（德阳）电缆股份有限公司,defer_to_separate_readonly_precheck,use_model_sequence_only_after_write_authorization,create_as_draft_do_not_replay_legacy_workflow,READY_FOR_READONLY_PRECHECK,
5613a212d8a74f42b0bdf74a2fe22ceb,ec8e6e03ff4c40cfb4ce25cdddc7474e,2813,"{""en_US"": ""向东工程""}",5871,德阳市供水安装工程队,漓江一西路（黄山路—蓥华山路）配套市政给水管网工程,out,DYS2024-10,WBHTGL-20240123-003,17059803368300000,2,0,德阳市供水安装工程队,defer_to_separate_readonly_precheck,use_model_sequence_only_after_write_authorization,create_as_draft_do_not_replay_legacy_workflow,READY_FOR_READONLY_PRECHECK,
562bc83ca224492dbb964274533b45ff,dfdd8eb86b064e7f8615d74aa2bc222a,2771,"{""en_US"": ""德阳市寿丰河截污干管工程劳务分包""}",5867,德阳国信建设工程有限公司,德阳市寿丰河截污干管项目委托采购协议（建渣）,out,DYS2020-54-1,WBHTGL-20251223-001,17664561174660000,1,0,德阳国信建设工程有限公司,defer_to_separate_readonly_precheck,use_model_sequence_only_after_write_authorization,create_as_draft_do_not_replay_legacy_workflow,READY_FOR_READONLY_PRECHECK,
568107fb1225494d8828bb5c98becf04,e1603619f0814d02b4c86bc5c044ea0b,2778,"{""en_US"": ""巴中恩阳临港产业园项目-制造业组团项目1-8号厂房、13号厂房、16号厂房防水保温工程""}",5800,中铁十八局集团有限公司巴中恩阳临港产业园项目经理部,1-8号厂房、13号厂房、16号厂房 防水保温工程专业分包合同补充协议,out,BZS2021-110-2,WBHTGL-20260104-002,17675067418860000,2,0,中铁十八局集团有限公司巴中恩阳临港产业园项目经理部,defer_to_separate_readonly_precheck,use_model_sequence_only_after_write_authorization,create_as_draft_do_not_replay_legacy_workflow,READY_FOR_READONLY_PRECHECK,
56eb9b6f15bb4e3e96181aa8272f6f48,703168b02c414c4fa219307367d2fd54,2453,"{""en_US"": ""2023年南岸区城市桥隧设施病害整治工程""}",122,重庆市南岸区城市管理局,2023年南岸区城市桥隧设施病害整治工程,out,CQS2023-146,WBHTGL-20231011-001,16969944451460000,2,0,重庆市南岸区城市管理局,defer_to_separate_readonly_precheck,use_model_sequence_only_after_write_authorization,create_as_draft_do_not_replay_legacy_workflow,READY_FOR_READONLY_PRECHECK,
5771caa78c44432492d3a44345719611,6b4e37cd90a94055a69de211efdab846,2444,"{""en_US"": ""易静工程（德阳二重工程项目）""}",4369,德阳市瑞键机械设备有限责任公司,模锻厂-C5t 560KW电加热炉精度改造,out,DYS2025-183,WBHTGL-20251029-002,17617019350580000,2,0,德阳市瑞键机械设备有限责任公司,defer_to_separate_readonly_precheck,use_model_sequence_only_after_write_authorization,create_as_draft_do_not_replay_legacy_workflow,READY_FOR_READONLY_PRECHECK,
5797a82002dd4ef68e203e4f72daffaa,ec8e6e03ff4c40cfb4ce25cdddc7474e,2813,"{""en_US"": ""向东工程""}",5871,德阳市供水安装工程队,秀山路33号长富花园分户工程,out,DYS2022-16-61,WBHTGL-20220726-038,1000000735,2,,德阳市供水安装工程队,defer_to_separate_readonly_precheck,use_model_sequence_only_after_write_authorization,create_as_draft_do_not_replay_legacy_workflow,READY_FOR_READONLY_PRECHECK,
57b91941b5464bbd87043e8bd3d0ec42,35aa78045dea48e082cae3f783e952b6,2276,"{""en_US"": ""四川省广汉高封橡塑有限公司地上建(构)筑物附着物拆除工程及残值处置项目""}",4212,广汉市城乡建设发展有限公司,川省广汉高封橡塑有限公司地上建（构）筑物附着物拆除工程及残值处置项目,out,DYS2024-117,WBHTGL-20240717-001,17211963017640000,2,0,广汉市城乡建设发展有限公司,defer_to_separate_readonly_precheck,use_model_sequence_only_after_write_authorization,create_as_draft_do_not_replay_legacy_workflow,READY_FOR_READONLY_PRECHECK,
58283322dad8426b91b2e6ae48b29ecc,6b4e37cd90a94055a69de211efdab846,2444,"{""en_US"": ""易静工程（德阳二重工程项目）""}",3663,中国第二重型机械集团德阳万航模锻有限责任公司,热处理厂-现场集控中心墙体及控制室制冷改造项目,out,DYS2025-26,WBHTGL-20250303-003,17409826718900000,2,0,中国第二重型机械集团德阳万航模锻有限责任公司,defer_to_separate_readonly_precheck,use_model_sequence_only_after_write_authorization,create_as_draft_do_not_replay_legacy_workflow,READY_FOR_READONLY_PRECHECK,
5831a5dfca96442fb65243b8d7eefaea,8fdbef4293604b95a0e2d7a44d5a8b80,2555,"{""en_US"": ""40万吨高强包装纸扩建项目余土/渣土外运专业分包工程""}",5842,四川省第四建筑有限公司,40万吨高强包装用纸扩建技术改造项目总承包工程,out,DYS2023-110,WBHTGL-20230823-001,16927556633650000,2,0,四川省第四建筑有限公司,defer_to_separate_readonly_precheck,use_model_sequence_only_after_write_authorization,create_as_draft_do_not_replay_legacy_workflow,READY_FOR_READONLY_PRECHECK,
58d748c331b14273a7301176782f8d40,ec8e6e03ff4c40cfb4ce25cdddc7474e,2813,"{""en_US"": ""向东工程""}",5871,德阳市供水安装工程队,泰山北路三段116号江忠辉关闭自备水工程,out,DYS2024-215,WBHTGL-20240923-065,17270780707940000,2,0,德阳市供水安装工程队,defer_to_separate_readonly_precheck,use_model_sequence_only_after_write_authorization,create_as_draft_do_not_replay_legacy_workflow,READY_FOR_READONLY_PRECHECK,
591bf6cabd724956a53af6d3be4ac409,6b4e37cd90a94055a69de211efdab846,2444,"{""en_US"": ""易静工程（德阳二重工程项目）""}",3663,中国第二重型机械集团德阳万航模锻有限责任公司,模锻厂-700KWB炉断器更换,out,DYS2024-150,WBHTGL-20240919-001,17267375278260000,2,0,中国第二重型机械集团德阳万航模锻有限责任公司,defer_to_separate_readonly_precheck,use_model_sequence_only_after_write_authorization,create_as_draft_do_not_replay_legacy_workflow,READY_FOR_READONLY_PRECHECK,
591e43762e324f3d970269980e5f65c9,8a57f2823a644db09f6c915d4942f9d5,2539,"{""en_US"": ""泰安综合楼屋面改造工程""}",5892,德阳经开建设工程有限公司,泰安综合楼屋面改造工程,out,DYS2021-27,WBHTGL-20210414-001,1000000405,2,,德阳经开建设工程有限公司,defer_to_separate_readonly_precheck,use_model_sequence_only_after_write_authorization,create_as_draft_do_not_replay_legacy_workflow,READY_FOR_READONLY_PRECHECK,
593a2db8183848cc8701c9958f8bbde6,77f6ddc2d277451f922b7c5177530dde,2474,"{""en_US"": ""违法建（构）筑物拆除工程施工协议2021-2024""}",4313,德阳市城市管理行政执法局,芳草地富康苑,out,DYS2024-129,WBHTGL-20240812-004,17234475929940000,2,0,德阳市城市管理行政执法局,defer_to_separate_readonly_precheck,use_model_sequence_only_after_write_authorization,create_as_draft_do_not_replay_legacy_workflow,READY_FOR_READONLY_PRECHECK,
59650193f6c84fd9b3bf36c1115a6e7d,b7f07bc4b72c4cd29b5d1b445b499386,2661,"{""en_US"": ""工程学院零星项目""}",3935,四川工程职业技术学院,南区新增土地新砌筑铁艺围栏,out,DYS2021-13-27,WBHTGL-20211217-001,1000000565,2,,四川工程职业技术学院,defer_to_separate_readonly_precheck,use_model_sequence_only_after_write_authorization,create_as_draft_do_not_replay_legacy_workflow,READY_FOR_READONLY_PRECHECK,
596b9c8ffcec42629bf39e9e98f0ae73,6b4e37cd90a94055a69de211efdab846,2444,"{""en_US"": ""易静工程（德阳二重工程项目）""}",3663,中国第二重型机械集团德阳万航模锻有限责任公司,现场整治-1号门保安室整治,out,DYS2024-109,WBHTGL-20240704-002,17200595478890000,2,0,中国第二重型机械集团德阳万航模锻有限责任公司,defer_to_separate_readonly_precheck,use_model_sequence_only_after_write_authorization,create_as_draft_do_not_replay_legacy_workflow,READY_FOR_READONLY_PRECHECK,
599bb28d7c494edd93a7f0c5d3008bcf,35d5e3007cae414ebdcf9b2dc65d84b4,2277,"{""en_US"": ""谢勤林工程（万兴项目）""}",3996,四川益丰房地产开发有限公司,万兴一品四组团区域景观土建工程,out,DYS2019-12,WBHTGL-20201014-001,1000000253,2,,四川益丰房地产开发有限公司,defer_to_separate_readonly_precheck,use_model_sequence_only_after_write_authorization,create_as_draft_do_not_replay_legacy_workflow,READY_FOR_READONLY_PRECHECK,
599cf81671984f809c773d7fb8e35ee3,ec8e6e03ff4c40cfb4ce25cdddc7474e,2813,"{""en_US"": ""向东工程""}",5871,德阳市供水安装工程队,旌阳区西湖街180号刘明分户工程,out,DYS2024-187,WBHTGL-20240923-037,17270609877320000,2,0,德阳市供水安装工程队,defer_to_separate_readonly_precheck,use_model_sequence_only_after_write_authorization,create_as_draft_do_not_replay_legacy_workflow,READY_FOR_READONLY_PRECHECK,
59dd9c919a614366b66074c9b5d0af49,ec8e6e03ff4c40cfb4ce25cdddc7474e,2813,"{""en_US"": ""向东工程""}",5871,德阳市供水安装工程队,德阳市城市供水一体化工程（第一批次项目）已废弃消防井、阀井回填工程,out,DYS2024-37,WBHTGL-20240131-002,17066899498290000,2,0,德阳市供水安装工程队,defer_to_separate_readonly_precheck,use_model_sequence_only_after_write_authorization,create_as_draft_do_not_replay_legacy_workflow,READY_FOR_READONLY_PRECHECK,
59f3b380b9c34fb4a006346a80478f24,a1df3e6b2cbe4363b1f33cb30b679822,2599,"{""en_US"": ""绵阳市安州区村容村貌环境改造提升项目——黄土镇江池村道路工程项目""}",4765,绵阳市安州区建投矿业有限公司,绵阳市安州区村容村貌环境改造提升项目--黄土镇江池村道路工程项目施工合同 补充协议,out,MYS2021-72-1,WBHTGL-20221228-002,1000000852,2,,绵阳市安州区建投矿业有限公司,defer_to_separate_readonly_precheck,use_model_sequence_only_after_write_authorization,create_as_draft_do_not_replay_legacy_workflow,READY_FOR_READONLY_PRECHECK,
5a77fc886bd54a22abf591d80b685613,9ebba094a48443a39dd7e1421da8dfbb,2588,"{""en_US"": ""刘伟零星工程项目""}",4449,德阳玛丽妇科医院有限责任公司,德阳玛丽妇科医院有限责任公司厨房燃气报警系统安装工程,out,DYS2022-39-6,WBHTGL-20220514-003,1000000662,2,,德阳玛丽妇科医院有限责任公司,defer_to_separate_readonly_precheck,use_model_sequence_only_after_write_authorization,create_as_draft_do_not_replay_legacy_workflow,READY_FOR_READONLY_PRECHECK,
5a7ea5326451467581eed890cf46248f,b7f07bc4b72c4cd29b5d1b445b499386,2661,"{""en_US"": ""工程学院零星项目""}",3935,四川工程职业技术学院,2023学生宿舍区域合围项目,out,DYS2023-51,WBHTGL-20230524-003,1000000934,2,,四川工程职业技术学院,defer_to_separate_readonly_precheck,use_model_sequence_only_after_write_authorization,create_as_draft_do_not_replay_legacy_workflow,READY_FOR_READONLY_PRECHECK,
5a8ac61b17cd4da9a37ef279e3171808,b17db7c3d7814760a0b0710bf88bef0d,2647,"{""en_US"": ""树木移栽合同""}",4484,德阳龙泰房地产开发有限公司,树木移栽合同,out,DYS2020-55,WBHTGL-20201217-001,1000000315,2,,德阳龙泰房地产开发有限公司,defer_to_separate_readonly_precheck,use_model_sequence_only_after_write_authorization,create_as_draft_do_not_replay_legacy_workflow,READY_FOR_READONLY_PRECHECK,
5ae7847e46e54f86988d965295aa7901,9ebba094a48443a39dd7e1421da8dfbb,2588,"{""en_US"": ""刘伟零星工程项目""}",4327,德阳市政务服务和大数据管理局,五洲广场楼顶政务服务中心锅炉房燃气报警系统安装,out,DYS2023-194,WBHTGL-20231220-002,17030547816860000,2,0,德阳市政务服务和大数据管理局,defer_to_separate_readonly_precheck,use_model_sequence_only_after_write_authorization,create_as_draft_do_not_replay_legacy_workflow,READY_FOR_READONLY_PRECHECK,
5b98e1b414d54fdca2d0b991b168c7e6,6b4e37cd90a94055a69de211efdab846,2444,"{""en_US"": ""易静工程（德阳二重工程项目）""}",5803,二重（德阳）重型装备有限公司,热处理厂厂房局部治漏,out,DYS2025-135,WBHTGL-20250820-001,17556524854370000,2,0,二重（德阳）重型装备有限公司,defer_to_separate_readonly_precheck,use_model_sequence_only_after_write_authorization,create_as_draft_do_not_replay_legacy_workflow,READY_FOR_READONLY_PRECHECK,
5c1d446b58654ff688ed372aab690d13,b7f07bc4b72c4cd29b5d1b445b499386,2661,"{""en_US"": ""工程学院零星项目""}",3935,四川工程职业技术学院,老校区医务室南面至老足球场之间的环境治理项目,out,DYS2021-12-02,WBHTGL-20210125-001,1000000360,2,,四川工程职业技术学院,defer_to_separate_readonly_precheck,use_model_sequence_only_after_write_authorization,create_as_draft_do_not_replay_legacy_workflow,READY_FOR_READONLY_PRECHECK,
5c256f8b08e74919a75511967a5212b5,6b4e37cd90a94055a69de211efdab846,2444,"{""en_US"": ""易静工程（德阳二重工程项目）""}",3663,中国第二重型机械集团德阳万航模锻有限责任公司,模锻厂-维修架管搭建,out,DYS2026-32,WBHTGL-20260302-003,17724161341780000,2,0,中国第二重型机械集团德阳万航模锻有限责任公司,defer_to_separate_readonly_precheck,use_model_sequence_only_after_write_authorization,create_as_draft_do_not_replay_legacy_workflow,READY_FOR_READONLY_PRECHECK,
5c303018a80944b89e4a87eec40c1005,b7f07bc4b72c4cd29b5d1b445b499386,2661,"{""en_US"": ""工程学院零星项目""}",3935,四川工程职业技术学院,孵化大楼周边环境治理,out,DYS2021-12-04,WBHTGL-20210310-001,1000000382,2,,四川工程职业技术学院,defer_to_separate_readonly_precheck,use_model_sequence_only_after_write_authorization,create_as_draft_do_not_replay_legacy_workflow,READY_FOR_READONLY_PRECHECK,
5c677b13d4d04a4ba3684cea91b22161,ec8e6e03ff4c40cfb4ce25cdddc7474e,2813,"{""en_US"": ""向东工程""}",5871,德阳市供水安装工程队,德阳市旌阳区旌阳街道堰塘坝社区居民委员会分户工程,out,DYS2024-161,WBHTGL-20240923-010,17270574220130000,2,0,德阳市供水安装工程队,defer_to_separate_readonly_precheck,use_model_sequence_only_after_write_authorization,create_as_draft_do_not_replay_legacy_workflow,READY_FOR_READONLY_PRECHECK,
5cbc4fd741314d9c84a0c0d05b4f8d9d,6b4e37cd90a94055a69de211efdab846,2444,"{""en_US"": ""易静工程（德阳二重工程项目）""}",5803,二重（德阳）重型装备有限公司,重机厂装配工段地坑及翻身坑围栏整治,out,DYS2025-59,WBHTGL-20250508-001,17466695396730000,2,0,二重（德阳）重型装备有限公司,defer_to_separate_readonly_precheck,use_model_sequence_only_after_write_authorization,create_as_draft_do_not_replay_legacy_workflow,READY_FOR_READONLY_PRECHECK,
5dc854ce23e24aa7a745090932c0893a,152f26736dd64da29f1b4f494fcfef41,2175,"{""en_US"": ""西昌卷烟厂2021年厂区环境改造工程综合经营业务用房配套设施改造标段""}",3873,四川中烟工业有限责任公司,西昌卷烟厂2021年厂区环境改造工程综合经营业务用房配套设施改造标段,out,XCS2022-32,WBHTGL-20220408-003,1000000628,2,,四川中烟工业有限责任公司,defer_to_separate_readonly_precheck,use_model_sequence_only_after_write_authorization,create_as_draft_do_not_replay_legacy_workflow,READY_FOR_READONLY_PRECHECK,
5e8cd8c6f9494cd1aaa96477df7e6fe8,6ee79af1274b49ffbd25926ad5f04f4d,2447,"{""en_US"": ""中国移动四川公司成都分公司2021-2025年管理用房及生产枢纽楼公共区域维修服务项目-上市""}",3656,中国移动通信集团四川有限公司成都分公司,中国移动四川公司成都分公司2021-2025年管理用房及生产枢纽楼公共区域维修服务项目-上市,out,CDS2021-112,WBHTGL-20211214-002,1000000563,2,,中国移动通信集团四川有限公司成都分公司,defer_to_separate_readonly_precheck,use_model_sequence_only_after_write_authorization,create_as_draft_do_not_replay_legacy_workflow,READY_FOR_READONLY_PRECHECK,
5ec6ffb7234145ebb9eeeab4e4a7e766,6b4e37cd90a94055a69de211efdab846,2444,"{""en_US"": ""易静工程（德阳二重工程项目）""}",3663,中国第二重型机械集团德阳万航模锻有限责任公司,模锻厂-800MN泵站地下水治漏,out,DYS2025-196,WBHTGL-20251112-003,17629107365880000,2,0,中国第二重型机械集团德阳万航模锻有限责任公司,defer_to_separate_readonly_precheck,use_model_sequence_only_after_write_authorization,create_as_draft_do_not_replay_legacy_workflow,READY_FOR_READONLY_PRECHECK,
5ee2346223c941dc87b009851965c618,2ec0da21560a45959b90a77d12866c51,2260,"{""en_US"": ""巴中恩阳临港产业园建设项目-制造业组团项目1-8号厂房消防工程""}",5800,中铁十八局集团有限公司巴中恩阳临港产业园项目经理部,1-8号厂房消防工程专业分包合同补充协议,out,BZS2021-93-2,WBHTGL-20251113-001,17630021775570000,2,0,中铁十八局集团有限公司巴中恩阳临港产业园项目经理部,defer_to_separate_readonly_precheck,use_model_sequence_only_after_write_authorization,create_as_draft_do_not_replay_legacy_workflow,READY_FOR_READONLY_PRECHECK,
5f3ca64386d44f6a871dc8a414a555b9,b7f07bc4b72c4cd29b5d1b445b499386,2661,"{""en_US"": ""工程学院零星项目""}",3935,四川工程职业技术学院,智能制造实训基地建设项目附属工程前期三通一平项目,out,DYS2020-07-14,WBHTGL-20200724-001,1000000231,2,,四川工程职业技术学院,defer_to_separate_readonly_precheck,use_model_sequence_only_after_write_authorization,create_as_draft_do_not_replay_legacy_workflow,READY_FOR_READONLY_PRECHECK,
5f4cfba6393a45a6a4b7407be97ebcbf,a3f1efed66944330a8825ac889c5cb86,2609,"{""en_US"": ""中国航发公司郝小成零星工程""}",3666,中国航发航空科技股份有限公司,113车棚改造项目施工,out,DYS2023-114,WBHTGL-20230825-004,16929543793700000,2,0,中国航发航空科技股份有限公司,defer_to_separate_readonly_precheck,use_model_sequence_only_after_write_authorization,create_as_draft_do_not_replay_legacy_workflow,READY_FOR_READONLY_PRECHECK,
5f65f09d5e464085a5f1d5e7baf410e9,9ebba094a48443a39dd7e1421da8dfbb,2588,"{""en_US"": ""刘伟零星工程项目""}",4326,德阳市房地产股份有限公司凯拂菻酒店分公司,德阳市房地产股份有限公司凯拂菻酒店分公司厨房及锅炉房燃气报警系统安装工程,out,DYS2022-39-3,WBHTGL-20220428-007,1000000641,2,,德阳市房地产股份有限公司凯拂菻酒店分公司,defer_to_separate_readonly_precheck,use_model_sequence_only_after_write_authorization,create_as_draft_do_not_replay_legacy_workflow,READY_FOR_READONLY_PRECHECK,
5f94a890ea974d5abf1a75fca4e5b047,42bdd94db1f945cf9f7d6d328bd15859,2319,"{""en_US"": ""德阳市自来水公司给水管道维修工程2022""}",5886,德阳市自来水公司,德阳市自来水公司给水管道维修工程2022,out,DYS2022-13,WBHTGL-20220111-003,1000000589,2,,德阳市自来水公司,defer_to_separate_readonly_precheck,use_model_sequence_only_after_write_authorization,create_as_draft_do_not_replay_legacy_workflow,READY_FOR_READONLY_PRECHECK,
5fa5803051984689916d59ed7a47e46e,6b46b842c0d344a08dd79ae5ba83628a,2443,"{""en_US"": ""马踏洞安置房停车场相关基础设施项目""}",4885,达州发展（控股）有限责任公司,马踏洞安置房停车场相关基础设施项目,out,DZS2023-08,WBHTGL-20230113-001,1000000874,2,0,达州发展（控股）有限责任公司,defer_to_separate_readonly_precheck,use_model_sequence_only_after_write_authorization,create_as_draft_do_not_replay_legacy_workflow,READY_FOR_READONLY_PRECHECK,
6000ba7312854356bdf2d256a655c3ff,29dff975ab4b42b5bc941af2c04b7cec,2244,"{""en_US"": ""普格县2019年产业扶贫特色水果种植示范项目大棚及果园灌溉工程（施工2）""}",4625,普格县农业农村局,普格县2019年产业扶贫特色水果种植示范项目大棚及果园灌溉工程（施工2）,out,LSZ2019-47,WBHTGL-20200306-005,1000000102,2,,普格县农业农村局,defer_to_separate_readonly_precheck,use_model_sequence_only_after_write_authorization,create_as_draft_do_not_replay_legacy_workflow,READY_FOR_READONLY_PRECHECK,
60237bbbc98e474bbe39b8cbfb47cc0d,6b4e37cd90a94055a69de211efdab846,2444,"{""en_US"": ""易静工程（德阳二重工程项目）""}",3663,中国第二重型机械集团德阳万航模锻有限责任公司,模锻厂-润滑间整治,out,DYS2025-194,WBHTGL-20251112-001,17629104012910000,2,0,中国第二重型机械集团德阳万航模锻有限责任公司,defer_to_separate_readonly_precheck,use_model_sequence_only_after_write_authorization,create_as_draft_do_not_replay_legacy_workflow,READY_FOR_READONLY_PRECHECK,
61af1f277ce24736b94ee03c68958b1a,ec8e6e03ff4c40cfb4ce25cdddc7474e,2813,"{""en_US"": ""向东工程""}",5871,德阳市供水安装工程队,世纪美郡直饮机分户工程,out,DYS2022-16-67,WBHTGL-20221117-006,1000000804,2,,德阳市供水安装工程队,defer_to_separate_readonly_precheck,use_model_sequence_only_after_write_authorization,create_as_draft_do_not_replay_legacy_workflow,READY_FOR_READONLY_PRECHECK,
62012b62a3234ba290071c461c9c7d16,6b4e37cd90a94055a69de211efdab846,2444,"{""en_US"": ""易静工程（德阳二重工程项目）""}",5803,二重（德阳）重型装备有限公司,动能监控中心外墙修缮项目,out,DYS2024-257,WBHTGL-20241220-001,17346787561480000,2,0,二重（德阳）重型装备有限公司,defer_to_separate_readonly_precheck,use_model_sequence_only_after_write_authorization,create_as_draft_do_not_replay_legacy_workflow,READY_FOR_READONLY_PRECHECK,
62593dd6ec7d4099984b2300f6841252,94c6a77e5b8e4eaea55e16a4ee4bb604,2563,"{""en_US"": ""峨边彝族自治县人工智能实践基地建设项目""}",4077,四川黑竹沟运营管理集团有限公司,峨边彝族自治县人工智能实践基地建设项目,out,LSS2026-40,WBHTGL-20260311-001,17732211623490000,2,0,四川黑竹沟运营管理集团有限公司,defer_to_separate_readonly_precheck,use_model_sequence_only_after_write_authorization,create_as_draft_do_not_replay_legacy_workflow,READY_FOR_READONLY_PRECHECK,
629a260e85e84f2eb410fed598bcfe9d,6b4e37cd90a94055a69de211efdab846,2444,"{""en_US"": ""易静工程（德阳二重工程项目）""}",3663,中国第二重型机械集团德阳万航模锻有限责任公司,热处理厂-淬火油槽防渗整治,out,DYS2025-137,WBHTGL-20250828-002,17563445225450000,2,0,中国第二重型机械集团德阳万航模锻有限责任公司,defer_to_separate_readonly_precheck,use_model_sequence_only_after_write_authorization,create_as_draft_do_not_replay_legacy_workflow,READY_FOR_READONLY_PRECHECK,
629fe303880b4b52ab559b549d8b02e2,020eddc09afb4260a5843a84ee58d826,2117,"{""en_US"": ""龙泉驿区2020年人行道整治提升工程（怡安路、合聚路、玉扬路）""}",3870,四川中恒联合建设工程有限公司,龙泉驿区2020年人行道整治提升工程（怡安路、合聚路、玉扬路）,out,CDS2020-38,WBHTGL-20201118-001,1000000284,2,,四川中恒联合建设工程有限公司,defer_to_separate_readonly_precheck,use_model_sequence_only_after_write_authorization,create_as_draft_do_not_replay_legacy_workflow,READY_FOR_READONLY_PRECHECK,
62b26a48dbd140fdb1500bb4523d210a,d3efb18b6f9a44f9b72343d9223c5b40,2733,"{""en_US"": ""四川致远锂业有限公司生产厂房土建零星及维修工程""}",4041,四川致远锂业有限公司,四川致远锂业有限公司生产厂房土建零星及维修工程,out,DYS2025-142,WBHTGL-20250903-001,17568891852950000,2,0,四川致远锂业有限公司,defer_to_separate_readonly_precheck,use_model_sequence_only_after_write_authorization,create_as_draft_do_not_replay_legacy_workflow,READY_FOR_READONLY_PRECHECK,
62ca49d2f2cf4b1bb94b8f825b521a3a,600fa2546bb14411ab99b72fd892a64e,2414,"{""en_US"": ""国道219线22标K1221+200-K1239+705段水稳、透层、沥青混凝土面层工程""}",3728,中铁七局集团西藏工程有限公司,国道219线22标K1221+200-K1239+705段水稳、透层、沥青混凝土面层工程,out,ZZQ2019-42,WBHTGL-20201217-003,1000000317,2,,中铁七局集团西藏工程有限公司,defer_to_separate_readonly_precheck,use_model_sequence_only_after_write_authorization,create_as_draft_do_not_replay_legacy_workflow,READY_FOR_READONLY_PRECHECK,
62cf7e172e044a8e9219f57faa3bbda6,d07b7a7a37aa473a89d006c178a4e033,2723,"{""en_US"": ""拉萨市柳梧新区管网错接改造""}",5897,拉萨市柳梧新区管理委员会,拉萨市柳梧新区管网错接改造,out,XZQ2021-88,WBHTGL-20211022-001,1000000522,2,,拉萨市柳梧新区管理委员会,defer_to_separate_readonly_precheck,use_model_sequence_only_after_write_authorization,create_as_draft_do_not_replay_legacy_workflow,READY_FOR_READONLY_PRECHECK,
631a2aa1a02d4b4ab0fb2e1ed779896a,ec8e6e03ff4c40cfb4ce25cdddc7474e,2813,"{""en_US"": ""向东工程""}",5871,德阳市供水安装工程队,花雨别墅1-2-1-2徐彬移表工程,out,DYS2022-16-39,WBHTGL-20220726-017,1000000714,2,,德阳市供水安装工程队,defer_to_separate_readonly_precheck,use_model_sequence_only_after_write_authorization,create_as_draft_do_not_replay_legacy_workflow,READY_FOR_READONLY_PRECHECK,
6322b413bc8f4a7794a884f1e343209f,e5c64d4f13ba477191da0b3e3bd12236,2790,"{""en_US"": ""德阳市经开区再生资源利用园区基础设施项目九标段项目市政安装工程""}",3745,中铁建工集团有限公司,德阳市经开区再生资源利用园区基础设施项目九标段项目—市政安装 工程,out,DYS2025-158,WBHTGL-20250918-001,17581660573570000,2,0,中铁建工集团有限公司,defer_to_separate_readonly_precheck,use_model_sequence_only_after_write_authorization,create_as_draft_do_not_replay_legacy_workflow,READY_FOR_READONLY_PRECHECK,
63450fc7b2c34bdeaed14d019667380c,6b4e37cd90a94055a69de211efdab846,2444,"{""en_US"": ""易静工程（德阳二重工程项目）""}",3663,中国第二重型机械集团德阳万航模锻有限责任公司,低压母排维修,out,DYS2022-51-2,WBHTGL-20220817-001,1000000741,2,0,中国第二重型机械集团德阳万航模锻有限责任公司,defer_to_separate_readonly_precheck,use_model_sequence_only_after_write_authorization,create_as_draft_do_not_replay_legacy_workflow,READY_FOR_READONLY_PRECHECK,
6363da9796194e97ad1a2c9ac7679708,6b4e37cd90a94055a69de211efdab846,2444,"{""en_US"": ""易静工程（德阳二重工程项目）""}",5803,二重（德阳）重型装备有限公司,热处理厂36#炉前通道及管沟盖板安全整治合同,out,DYS2025-70,WBHTGL-20250603-001,17489197941470000,2,0,二重（德阳）重型装备有限公司,defer_to_separate_readonly_precheck,use_model_sequence_only_after_write_authorization,create_as_draft_do_not_replay_legacy_workflow,READY_FOR_READONLY_PRECHECK,
6380af0db7cd4a36b680fdf643df46be,b7f07bc4b72c4cd29b5d1b445b499386,2661,"{""en_US"": ""工程学院零星项目""}",3935,四川工程职业技术学院,校园环境零星维修,out,DYS2020-07-07,WBHTGL-20201023-001,1000000263,2,,四川工程职业技术学院,defer_to_separate_readonly_precheck,use_model_sequence_only_after_write_authorization,create_as_draft_do_not_replay_legacy_workflow,READY_FOR_READONLY_PRECHECK,
6384e5c60b8e4fa6b2dddc11110b34d9,4d5d46d841c24c629fd4ebdd4796980f,2113,"{""en_US"": ""大唐甘肃发电有限公司碧口水力发电厂碧口水电站右岸泄洪洞护坦防护结构改造施工""}",4100,大唐甘肃发电有限公司碧口水力发电厂,碧口水电站右岸泄洪洞护坦防护结构改造,out,GSS2024-135,WBHTGL-20240821-002,17242286757260000,2,0,大唐甘肃发电有限公司碧口水力发电厂,defer_to_separate_readonly_precheck,use_model_sequence_only_after_write_authorization,create_as_draft_do_not_replay_legacy_workflow,READY_FOR_READONLY_PRECHECK,
639cb6800d7e41c0839340f43c4baf64,ec8e6e03ff4c40cfb4ce25cdddc7474e,2813,"{""en_US"": ""向东工程""}",5871,德阳市供水安装工程队,上层建筑梁述英分户工程,out,DYS2022-16-50,WBHTGL-20220726-028,1000000725,2,,德阳市供水安装工程队,defer_to_separate_readonly_precheck,use_model_sequence_only_after_write_authorization,create_as_draft_do_not_replay_legacy_workflow,READY_FOR_READONLY_PRECHECK,
63a54734ac7b42ffae1411be6fb2f5ef,e7d967ab98084a1bb1efdb2e0cd7674c,2795,"{""en_US"": ""杨永田项目""}",5877,德阳市旌创建设工程有限公司,天府数谷规划展示区维修维护工程-零星维修工程,out,DYS2023-108,WBHTGL-20230821-001,16925991954900000,2,0,德阳市旌创建设工程有限公司,defer_to_separate_readonly_precheck,use_model_sequence_only_after_write_authorization,create_as_draft_do_not_replay_legacy_workflow,READY_FOR_READONLY_PRECHECK,
63e383439e9c4a2e8ad9e103ab327f9e,ec8e6e03ff4c40cfb4ce25cdddc7474e,2813,"{""en_US"": ""向东工程""}",5871,德阳市供水安装工程队,南湖路迁改工程,out,DYS2022-16-7,WBHTGL-20220119-009,1000000603,2,,德阳市供水安装工程队,defer_to_separate_readonly_precheck,use_model_sequence_only_after_write_authorization,create_as_draft_do_not_replay_legacy_workflow,READY_FOR_READONLY_PRECHECK,
63eefb9119114049a00a62ee9c7d5a13,9ebba094a48443a39dd7e1421da8dfbb,2588,"{""en_US"": ""刘伟零星工程项目""}",4370,德阳市生态环境局,德阳市生态环境局燃气报警系统安装工程,out,DYS2022-39-20,WBHTGL-20221017-003,1000000779,2,,德阳市生态环境局,defer_to_separate_readonly_precheck,use_model_sequence_only_after_write_authorization,create_as_draft_do_not_replay_legacy_workflow,READY_FOR_READONLY_PRECHECK,
63fabcaed2104c63b99d569c71aaa5d5,9ebba094a48443a39dd7e1421da8dfbb,2588,"{""en_US"": ""刘伟零星工程项目""}",753,德阳市群运物资有限责任公司,旌湖上境茅台专卖店燃气报警系统安装,out,DYS2023-137,WBHTGL-20230926-001,16957122866180000,2,0,德阳市群运物资有限责任公司,defer_to_separate_readonly_precheck,use_model_sequence_only_after_write_authorization,create_as_draft_do_not_replay_legacy_workflow,READY_FOR_READONLY_PRECHECK,
6418bd2c1ff940f7b04df449390e22c3,6b4e37cd90a94055a69de211efdab846,2444,"{""en_US"": ""易静工程（德阳二重工程项目）""}",3663,中国第二重型机械集团德阳万航模锻有限责任公司,机加厂-1-4跨屋面防水治漏,out,DYS2025-114,WBHTGL-20250723-002,17532384998880000,2,0,中国第二重型机械集团德阳万航模锻有限责任公司,defer_to_separate_readonly_precheck,use_model_sequence_only_after_write_authorization,create_as_draft_do_not_replay_legacy_workflow,READY_FOR_READONLY_PRECHECK,
642a0d4a46b74f72aaed13361207d219,6b4e37cd90a94055a69de211efdab846,2444,"{""en_US"": ""易静工程（德阳二重工程项目）""}",5803,二重（德阳）重型装备有限公司,炼钢厂老150t精炼炉控制室安全改造,out,DYS2022-15-10,WBHTGL-20220718-002,1000000692,2,,二重（德阳）重型装备有限公司,defer_to_separate_readonly_precheck,use_model_sequence_only_after_write_authorization,create_as_draft_do_not_replay_legacy_workflow,READY_FOR_READONLY_PRECHECK,
642c9317570e4300bf28c1f70b0f890f,bb0ccbdd806d4c49b287d32ffb70ebff,2665,"{""en_US"": ""城南壹号·熙悦府（一期）专业分包包2安装工程""}",3968,四川智泽云天建筑工程有限公司,专业分包合同之补充协议一,out,DYS2025-141-1,WBHTGL-20260203-001,17700870310170000,1,0,四川智泽云天建筑工程有限公司,defer_to_separate_readonly_precheck,use_model_sequence_only_after_write_authorization,create_as_draft_do_not_replay_legacy_workflow,READY_FOR_READONLY_PRECHECK,
645acee80487448d911870ce6d77b84d,89839027a8fe4876a6f7edd4a103ec2e,2536,"{""en_US"": ""北温泉街道状元府第照度提升工程""}",4933,重庆市北碚区人民政府北温泉街道办事处,北温泉街道状元府第照度提升工程,out,CQS2021-42,WBHTGL-20210531-001,1000000443,2,,重庆市北碚区人民政府北温泉街道办事处,defer_to_separate_readonly_precheck,use_model_sequence_only_after_write_authorization,create_as_draft_do_not_replay_legacy_workflow,READY_FOR_READONLY_PRECHECK,
64af22680e8848bc9310a72682216d4b,b7f07bc4b72c4cd29b5d1b445b499386,2661,"{""en_US"": ""工程学院零星项目""}",3934,四川工程职业技术大学,学生宿舍晾衣区路面硬化与积水处理,out,DYS2024-71,WBHTGL-20240419-002,17134988640760000,2,0,四川工程职业技术大学,defer_to_separate_readonly_precheck,use_model_sequence_only_after_write_authorization,create_as_draft_do_not_replay_legacy_workflow,READY_FOR_READONLY_PRECHECK,
64c65e68dcfd4163bb59730a761a1521,c4fa49e392464a0b811c60e8a1e13eef,2698,"{""en_US"": ""66号楼整修项目""}",94,中国人民解放军32167部队,中国人民解放军32167部队66号楼整修项目,out,XZ2025-168,WBHTGL-20251009-002,17599929997780000,2,0,中国人民解放军32167部队,defer_to_separate_readonly_precheck,use_model_sequence_only_after_write_authorization,create_as_draft_do_not_replay_legacy_workflow,READY_FOR_READONLY_PRECHECK,
6534af9ee8164a60b72b2f5ffa4a3700,8210d117e0d14137b74221d251aba7a9,2509,"{""en_US"": ""全国新增1000亿斤粮食生产能力射洪县2018年田间工程建设项目二标段""}",4119,射洪县农业服务中心,全国新增1000亿斤粮食生产能力射洪县2018年田间工程建设项目二标段,out,GYS2018-37,WBHTGL-20200306-006,1000000103,2,,射洪县农业服务中心,defer_to_separate_readonly_precheck,use_model_sequence_only_after_write_authorization,create_as_draft_do_not_replay_legacy_workflow,READY_FOR_READONLY_PRECHECK,
6534df2860f9481cbc31cf117d5c1f36,6b4e37cd90a94055a69de211efdab846,2444,"{""en_US"": ""易静工程（德阳二重工程项目）""}",5803,二重（德阳）重型装备有限公司,易静工程（德阳二重工程项目,out,DYS2020-06-09,WBHTGL-20200715-001,1000000221,2,,二重（德阳）重型装备有限公司,defer_to_separate_readonly_precheck,use_model_sequence_only_after_write_authorization,create_as_draft_do_not_replay_legacy_workflow,READY_FOR_READONLY_PRECHECK,
6552675621e942c7b81c17dfdaf7118c,9ebba094a48443a39dd7e1421da8dfbb,2588,"{""en_US"": ""刘伟零星工程项目""}",4311,德阳市国有资产监督管理委员会,德阳市国有资产监督管理委员会厨房燃气报警系统安装工程,out,DYS2022-39-12,WBHTGL-20220826-002,1000000749,2,,德阳市国有资产监督管理委员会,defer_to_separate_readonly_precheck,use_model_sequence_only_after_write_authorization,create_as_draft_do_not_replay_legacy_workflow,READY_FOR_READONLY_PRECHECK,
655bbf7725cf4c2690fe25f7dfda7f63,258b21f44ab54667a6829247d381d5a6,2227,"{""en_US"": ""四川建筑职业技术学院德阳校区2025年大型修缮项目""}",5830,四川建筑职业技术学院,德阳校区2025年大型修缮项目,out,DYS2025-111,WBHTGL-20250721-001,17530844889310000,2,0,四川建筑职业技术学院,defer_to_separate_readonly_precheck,use_model_sequence_only_after_write_authorization,create_as_draft_do_not_replay_legacy_workflow,READY_FOR_READONLY_PRECHECK,
6606360df34e48d2ae99082a798caca2,b7f07bc4b72c4cd29b5d1b445b499386,2661,"{""en_US"": ""工程学院零星项目""}",3935,四川工程职业技术学院,停车场地面维修,out,DYS2023-128,WBHTGL-20230913-006,16945932301440000,2,0,四川工程职业技术学院,defer_to_separate_readonly_precheck,use_model_sequence_only_after_write_authorization,create_as_draft_do_not_replay_legacy_workflow,READY_FOR_READONLY_PRECHECK,
661820fe7a6d4af782334b5d87e124ad,ec8e6e03ff4c40cfb4ce25cdddc7474e,2813,"{""en_US"": ""向东工程""}",5871,德阳市供水安装工程队,碧桂园B地块111-112号楼庭院给水管道改造工程,out,DYS2024-23,WBHTGL-20240124-002,17060672536860000,2,0,德阳市供水安装工程队,defer_to_separate_readonly_precheck,use_model_sequence_only_after_write_authorization,create_as_draft_do_not_replay_legacy_workflow,READY_FOR_READONLY_PRECHECK,
661895459401406b93c88aefe808d6d6,6b4e37cd90a94055a69de211efdab846,2444,"{""en_US"": ""易静工程（德阳二重工程项目）""}",3663,中国第二重型机械集团德阳万航模锻有限责任公司,模锻厂·变压器整改,out,DYS2024-218,WBHTGL-20241008-002,17283504439340000,2,0,中国第二重型机械集团德阳万航模锻有限责任公司,defer_to_separate_readonly_precheck,use_model_sequence_only_after_write_authorization,create_as_draft_do_not_replay_legacy_workflow,READY_FOR_READONLY_PRECHECK,
668bab31e1ff45b09ea26a162ba8ea3d,bb0ccbdd806d4c49b287d32ffb70ebff,2665,"{""en_US"": ""城南壹号·熙悦府（一期）专业分包包2安装工程""}",3968,四川智泽云天建筑工程有限公司,专业分包合同之补充协议二（新增15#16#楼）,out,DYS2025-141-2,WBHTGL-20260203-002,17700871561110000,1,0,四川智泽云天建筑工程有限公司,defer_to_separate_readonly_precheck,use_model_sequence_only_after_write_authorization,create_as_draft_do_not_replay_legacy_workflow,READY_FOR_READONLY_PRECHECK,
66b83d6cadb74c95ac154edec0f791fa,ec8e6e03ff4c40cfb4ce25cdddc7474e,2813,"{""en_US"": ""向东工程""}",5871,德阳市供水安装工程队,李邦兴分户工程,out,DYS2022-16-45,WBHTGL-20220726-023,1000000720,2,,德阳市供水安装工程队,defer_to_separate_readonly_precheck,use_model_sequence_only_after_write_authorization,create_as_draft_do_not_replay_legacy_workflow,READY_FOR_READONLY_PRECHECK,
66b885e2635c46569cffbfc94d51bb4f,ec8e6e03ff4c40cfb4ce25cdddc7474e,2813,"{""en_US"": ""向东工程""}",5871,德阳市供水安装工程队,梧桐苑新建户表工程,out,DYS2023-141,WBHTGL-20231007-004,16966629890420000,2,0,德阳市供水安装工程队,defer_to_separate_readonly_precheck,use_model_sequence_only_after_write_authorization,create_as_draft_do_not_replay_legacy_workflow,READY_FOR_READONLY_PRECHECK,
66fdee18c0f842d7a9cbf692a41694da,3af445162bf648d5908818cb37d4e006,2299,"{""en_US"": ""国道G105线中山沙朗至古鹤段改建工程及市政配套工程堆料场场地处理""}",5807,保利长大工程有限公司,国道G105线中山沙朗至古鹤段改建工程及市政配套工程堆料场场地处理,out,GDS2022-31,WBHTGL-20220406-001,1000000624,2,,保利长大工程有限公司,defer_to_separate_readonly_precheck,use_model_sequence_only_after_write_authorization,create_as_draft_do_not_replay_legacy_workflow,READY_FOR_READONLY_PRECHECK,
66ff58aedaff4f80a2435fd7909657f3,b7f07bc4b72c4cd29b5d1b445b499386,2661,"{""en_US"": ""工程学院零星项目""}",3935,四川工程职业技术学院,篮球场南侧围网拆除及排水沟改造,out,DYS2021-12-08,WBHTGL-20210429-004,1000000416,2,,四川工程职业技术学院,defer_to_separate_readonly_precheck,use_model_sequence_only_after_write_authorization,create_as_draft_do_not_replay_legacy_workflow,READY_FOR_READONLY_PRECHECK,
670f6414c9144613b2919ea332044b6a,b7f07bc4b72c4cd29b5d1b445b499386,2661,"{""en_US"": ""工程学院零星项目""}",3935,四川工程职业技术学院,人工挖旧电缆,out,DYS2023-03-01,WBHTGL-20230104-001,1000000862,2,,四川工程职业技术学院,defer_to_separate_readonly_precheck,use_model_sequence_only_after_write_authorization,create_as_draft_do_not_replay_legacy_workflow,READY_FOR_READONLY_PRECHECK,
67195e2e69b24b679ca054bf9e4f9cd1,0dde523bf5414461b937c9d5d4c220cf,2153,"{""en_US"": ""53019工程、3644-3、4、3617消防工程""}",5798,中铁十九局集团有限公司,53019工程、3644-3、4、3617工程,out,XZQ2021-50,WBHTGL-20210624-001,1000000458,2,,中铁十九局集团有限公司,defer_to_separate_readonly_precheck,use_model_sequence_only_after_write_authorization,create_as_draft_do_not_replay_legacy_workflow,READY_FOR_READONLY_PRECHECK,
673ac67c7327407aaec9d8172a203ffb,06cd855d5ede4a279a81568903836256,2129,"{""en_US"": ""白鹤花园修建建筑垃圾池""}",5889,德阳旌信物业服务股份有限公司,白鹤花园建筑垃圾池,out,DYS2024-248,WBHTGL-20250103-001,17358921835850000,2,0,德阳旌信物业服务股份有限公司,defer_to_separate_readonly_precheck,use_model_sequence_only_after_write_authorization,create_as_draft_do_not_replay_legacy_workflow,READY_FOR_READONLY_PRECHECK,
67ce22db8f0a4148b7585f4359365530,ec8e6e03ff4c40cfb4ce25cdddc7474e,2813,"{""en_US"": ""向东工程""}",5871,德阳市供水安装工程队,孝感街道黄河村村民委员会四组关闭自备水工程,out,DYS2024-205,WBHTGL-20240923-056,17270761406380000,2,0,德阳市供水安装工程队,defer_to_separate_readonly_precheck,use_model_sequence_only_after_write_authorization,create_as_draft_do_not_replay_legacy_workflow,READY_FOR_READONLY_PRECHECK,
67d3d0771e7d47fa90a0fc6269b98b00,ec8e6e03ff4c40cfb4ce25cdddc7474e,2813,"{""en_US"": ""向东工程""}",5871,德阳市供水安装工程队,东方电气集团东方汽轮机有限公司分户工程,out,DYS2022-16-35,WBHTGL-20220726-013,1000000710,2,,德阳市供水安装工程队,defer_to_separate_readonly_precheck,use_model_sequence_only_after_write_authorization,create_as_draft_do_not_replay_legacy_workflow,READY_FOR_READONLY_PRECHECK,
67f9d3ba64b741858d0acfbfcdea4f2c,2a90203d1f0f420b841d1eca197f3a4d,2245,"{""en_US"": ""八角星坐标项目景观坡道优化调整工程劳务分包""}",5892,德阳经开建设工程有限公司,八角星坐标项目景观坡道优化调整工程劳务分包,out,DYS2024-145,WBHTGL-20240910-001,17259357801750000,2,0,德阳经开建设工程有限公司,defer_to_separate_readonly_precheck,use_model_sequence_only_after_write_authorization,create_as_draft_do_not_replay_legacy_workflow,READY_FOR_READONLY_PRECHECK,
67fba212f8d54910aacbb38dcccc49a0,9ebba094a48443a39dd7e1421da8dfbb,2588,"{""en_US"": ""刘伟零星工程项目""}",4268,德阳市五洲实业有限公司,天禧酒店（德阳文庙广场店）厨房及锅炉房燃气报警系统安装工程,out,DYS2023-01-4,WBHTGL-20230103-004,1000000857,2,,德阳市五洲实业有限公司,defer_to_separate_readonly_precheck,use_model_sequence_only_after_write_authorization,create_as_draft_do_not_replay_legacy_workflow,READY_FOR_READONLY_PRECHECK,
68760c78aa5b43659d800e181d636fc1,39a156d94025490fbd873db0c05f3d37,2291,"{""en_US"": ""中国移动四川分公司绵阳片区2018-2020年渠道零星维修项目（标包2）""}",3658,中国移动通信集团四川有限公司绵阳分公司,中国移动四川分公司雅安片区2018-2020年渠道零星维修项目,out,MYS2019-26,WBHTGL-20200311-014,1000000123,2,,中国移动通信集团四川有限公司绵阳分公司,defer_to_separate_readonly_precheck,use_model_sequence_only_after_write_authorization,create_as_draft_do_not_replay_legacy_workflow,READY_FOR_READONLY_PRECHECK,
69294cac248146caa6895d8b53868587,b7f07bc4b72c4cd29b5d1b445b499386,2661,"{""en_US"": ""工程学院零星项目""}",3935,四川工程职业技术学院,WBHTGL-20211103-001,out,DYS2021-13-23,WBHTGL-20211103-001,1000000531,2,,四川工程职业技术学院,defer_to_separate_readonly_precheck,use_model_sequence_only_after_write_authorization,create_as_draft_do_not_replay_legacy_workflow,READY_FOR_READONLY_PRECHECK,
693b8dbd29a942a9a86a2683326f3f32,9ebba094a48443a39dd7e1421da8dfbb,2588,"{""en_US"": ""刘伟零星工程项目""}",4308,德阳市商务局,德阳市商务局厨房燃气报警系统安装,out,DYS2025-209,WBHTGL-20251124-003,17639694071880000,2,0,德阳市商务局,defer_to_separate_readonly_precheck,use_model_sequence_only_after_write_authorization,create_as_draft_do_not_replay_legacy_workflow,READY_FOR_READONLY_PRECHECK,
69cfb82a075843eea7ae3036e5662717,53c2eb41efaf4f7189405125701e67b1,2383,"{""en_US"": ""中国移动四川公司广元分公司2021-2022年渠道维修采购项目框架协议""}",119,中国移动通信集团四川有限公司广元分公司,中国移动四川公司广元分公司2021-2022年渠道维修采购项目框架协议,out,GYS2021-22,WBHTGL-20210407-001,1000000394,2,,中国移动通信集团四川有限公司广元分公司,defer_to_separate_readonly_precheck,use_model_sequence_only_after_write_authorization,create_as_draft_do_not_replay_legacy_workflow,READY_FOR_READONLY_PRECHECK,
6a62351d9b55422cadbf71b90da97b47,6b4e37cd90a94055a69de211efdab846,2444,"{""en_US"": ""易静工程（德阳二重工程项目）""}",5803,二重（德阳）重型装备有限公司,车间安全隐患整治项目,out,DSY2021-09-07,WBHTGL-20210506-003,1000000421,2,,二重（德阳）重型装备有限公司,defer_to_separate_readonly_precheck,use_model_sequence_only_after_write_authorization,create_as_draft_do_not_replay_legacy_workflow,READY_FOR_READONLY_PRECHECK,
6a6a829a39e84b3080198f20a72b8d2f,dc23b3505b384d529dc60bef5f64a6e7,2755,"{""en_US"": ""大足支行珠溪分理处主体装修工程""}",4909,重庆农村商业银行股份有限公司大足支行,大足支行珠溪分理处主体装修工程,out,CQS2025-107,WBHTGL-20250717-002,17527389624310000,2,0,重庆农村商业银行股份有限公司大足支行,defer_to_separate_readonly_precheck,use_model_sequence_only_after_write_authorization,create_as_draft_do_not_replay_legacy_workflow,READY_FOR_READONLY_PRECHECK,
6a90fe28040943c2918c356dc54e0a06,05139ca820724561bee71e016b22fd55,2124,"{""en_US"": ""2022年日常维护项目（竞标12）""}",5922,重庆市城投路桥管理有限公司,2022年日常维护项目（竞标12）,out,CQS2022-70,WBHTGL-20220823-001,1000000747,2,,重庆市城投路桥管理有限公司,defer_to_separate_readonly_precheck,use_model_sequence_only_after_write_authorization,create_as_draft_do_not_replay_legacy_workflow,READY_FOR_READONLY_PRECHECK,
6b402e456a8b47d6ab9ca7f0eb19f901,7ccb740801cf4ffba45d3e4990d51a47,2492,"{""en_US"": ""东水门大桥、朝天门大桥（南北）公园、停车场、电梯等新增附属设施工程""}",5922,重庆市城投路桥管理有限公司,东水门大桥、朝天门大桥（南北）公园、停车场、电梯等新增附属设施工程,out,CQS2024-41,WBHTGL-20240223-001,17086496967040000,2,0,重庆市城投路桥管理有限公司,defer_to_separate_readonly_precheck,use_model_sequence_only_after_write_authorization,create_as_draft_do_not_replay_legacy_workflow,READY_FOR_READONLY_PRECHECK,
6b63edab7f4741e98409d48b67120f77,9ebba094a48443a39dd7e1421da8dfbb,2588,"{""en_US"": ""刘伟零星工程项目""}",4248,德阳华润燃气有限公司,德阳华润燃气有限公司燃气报警器（系统）安装工程,out,DYS2025-73,WBHTGL-20250604-002,17490270810690000,2,0,德阳华润燃气有限公司,defer_to_separate_readonly_precheck,use_model_sequence_only_after_write_authorization,create_as_draft_do_not_replay_legacy_workflow,READY_FOR_READONLY_PRECHECK,
6b9bf7a3454746b581f5b16b44f39bb7,71158c73ca8e43bc9d7a0848181fdaaf,2455,"{""en_US"": ""四川省玻纤集团有限公司屋面维修工程""}",4021,四川省玻纤集团有限公司,结算审核报告,out,DYS2020-19-1,WBHTGL-20241125-001,17324992779920000,2,0,四川省玻纤集团有限公司,defer_to_separate_readonly_precheck,use_model_sequence_only_after_write_authorization,create_as_draft_do_not_replay_legacy_workflow,READY_FOR_READONLY_PRECHECK,
6bb1b7d820534b43b55aed6b9965e27a,cd4ddecc90324b76b303a4e4cbbb9e5b,2714,"{""en_US"": ""国家水土保持重点项目中江县2019年冯店小流域水土流失综合治理项目""}",3708,中江县水土保持办公室,国家水土保持重点项目中江县2019年冯店小流域水土流失综合治理项目,out,DYS2019-45,WBHTGL-20200229-001,1000000034,2,,中江县水土保持办公室,defer_to_separate_readonly_precheck,use_model_sequence_only_after_write_authorization,create_as_draft_do_not_replay_legacy_workflow,READY_FOR_READONLY_PRECHECK,
6bb62ceaf2044182b2bb3c1e7e583596,ec8e6e03ff4c40cfb4ce25cdddc7474e,2813,"{""en_US"": ""向东工程""}",5871,德阳市供水安装工程队,百事食品（四川）有限公司新建总表工程,out,DYS2022-16-23,WBHTGL-20220726-001,1000000698,2,,德阳市供水安装工程队,defer_to_separate_readonly_precheck,use_model_sequence_only_after_write_authorization,create_as_draft_do_not_replay_legacy_workflow,READY_FOR_READONLY_PRECHECK,
6bc5f8813e5148dabaafcc6bf1b63292,d15f664bee1444c488e1b88b678e6af2,2725,"{""en_US"": ""大唐甘肃发电有限工程碧口水力发电厂心苑职工家属区物业维修改造""}",5867,德阳国信建设工程有限公司,大唐甘肃发电有限工程碧口水力发电厂心苑职工家属区物业维修,out,DYS2019-63,WBHTGL-20200319-001,1000000146,2,,德阳国信建设工程有限公司,defer_to_separate_readonly_precheck,use_model_sequence_only_after_write_authorization,create_as_draft_do_not_replay_legacy_workflow,READY_FOR_READONLY_PRECHECK,
6bc6a36e8d884f94817ccc18a4cab936,308f3a386994423093c36b6d02452501,2267,"{""en_US"": ""剑阁县2018年鹤龄镇村级公共服务项目""}",3818,剑阁县鹤岭镇人民政府,2018年贫困村村级阵地建设项目,out,GYS2018-10,WBHTGL-20200229-035,1000000071,2,,剑阁县鹤岭镇人民政府,defer_to_separate_readonly_precheck,use_model_sequence_only_after_write_authorization,create_as_draft_do_not_replay_legacy_workflow,READY_FOR_READONLY_PRECHECK,
6bd8884185f3466eb5847b69b0d6c3a5,b7f07bc4b72c4cd29b5d1b445b499386,2661,"{""en_US"": ""工程学院零星项目""}",3935,四川工程职业技术学院,五教中庭木质地面铺装修补项目,out,DYS2023-150,WBHTGL-20231020-002,16977647545930000,2,0,四川工程职业技术学院,defer_to_separate_readonly_precheck,use_model_sequence_only_after_write_authorization,create_as_draft_do_not_replay_legacy_workflow,READY_FOR_READONLY_PRECHECK,
6bec58b7c6454cfd98ecaa52fe6b3ecc,1abe1430e27d4765b61cf3ae4b341c24,2192,"{""en_US"": ""凯州新城城乡一体化项目配套建设工程钢结构工程专业分包（第二次）""}",4475,德阳蓉北建设工程有限公司,凯州新城城乡一体化项目配套建设工程钢结构工程专业分包合同补充协议二,out,DYS2023-15-2,WBHTGL-20240904-001,17254139490220000,2,0,德阳蓉北建设工程有限公司,defer_to_separate_readonly_precheck,use_model_sequence_only_after_write_authorization,create_as_draft_do_not_replay_legacy_workflow,READY_FOR_READONLY_PRECHECK,
6bf63101db85485ebcd54646b20b9eb4,ec8e6e03ff4c40cfb4ce25cdddc7474e,2813,"{""en_US"": ""向东工程""}",5871,德阳市供水安装工程队,天山北路上层建筑小区营业房4-10.4-9分户工程,out,DYS2022-16-71,WBHTGL-20221117-011,1000000809,2,,德阳市供水安装工程队,defer_to_separate_readonly_precheck,use_model_sequence_only_after_write_authorization,create_as_draft_do_not_replay_legacy_workflow,READY_FOR_READONLY_PRECHECK,
6c197d6ab81846f58ae4476368da042b,64127fa422624757bc12f7dae485c234,2422,"{""en_US"": ""幸福人家A区区域景观土建工程""}",3996,四川益丰房地产开发有限公司,幸福人家A区区域景观土建工程,out,DYS2020-50,WBHTGL-20201207-002,1000000307,2,,四川益丰房地产开发有限公司,defer_to_separate_readonly_precheck,use_model_sequence_only_after_write_authorization,create_as_draft_do_not_replay_legacy_workflow,READY_FOR_READONLY_PRECHECK,
6c380459929e482b8f4bbb378fb8f7d6,ec8e6e03ff4c40cfb4ce25cdddc7474e,2813,"{""en_US"": ""向东工程""}",5871,德阳市供水安装工程队,众森木业有限公司分户工程,out,DYS2022-16-11,WBHTGL-20220507-004,1000000645,2,,德阳市供水安装工程队,defer_to_separate_readonly_precheck,use_model_sequence_only_after_write_authorization,create_as_draft_do_not_replay_legacy_workflow,READY_FOR_READONLY_PRECHECK,
6c3fbaa64f104b33a4a870f88aee7eeb,6b4e37cd90a94055a69de211efdab846,2444,"{""en_US"": ""易静工程（德阳二重工程项目）""}",3663,中国第二重型机械集团德阳万航模锻有限责任公司,1MJ锤杆堵盖安装脚手架搭建外委,out,DYS2024-102,WBHTGL-20240625-001,17192839057750000,2,0,中国第二重型机械集团德阳万航模锻有限责任公司,defer_to_separate_readonly_precheck,use_model_sequence_only_after_write_authorization,create_as_draft_do_not_replay_legacy_workflow,READY_FOR_READONLY_PRECHECK,
6c4c5e2e614742439bc0891c7ff27dba,66efda2bb2b54b13965122fd2bb35618,2432,"{""en_US"": ""绿地健康谷二号地块1标段项目泡沫混凝土工程""}",5839,四川省东方兴发建设集团有限公司,绿地健康谷二号地块1标段项目泡沫混凝土施工工程,out,DYS2024-237,WBHTGL-20241107-001,17309462583810000,2,0,四川省东方兴发建设集团有限公司,defer_to_separate_readonly_precheck,use_model_sequence_only_after_write_authorization,create_as_draft_do_not_replay_legacy_workflow,READY_FOR_READONLY_PRECHECK,
6c621c1884384cb59832c24ac9a19e23,9ebba094a48443a39dd7e1421da8dfbb,2588,"{""en_US"": ""刘伟零星工程项目""}",4253,德阳国信驰能科技服务有限公司,东电单身楼第四栋厨房燃气报警系统安装,out,DYS2024-104,WBHTGL-20240627-001,17194521412380000,2,0,德阳国信驰能科技服务有限公司,defer_to_separate_readonly_precheck,use_model_sequence_only_after_write_authorization,create_as_draft_do_not_replay_legacy_workflow,READY_FOR_READONLY_PRECHECK,
6c7cebcde0dc4b5abcdbfdac475056b9,1357e63a4149468ea5b484a53ec1efa4,2166,"{""en_US"": ""开挖修复359机位消防主管道爆管项目""}",4987,重庆机场集团有限公司动力能源分公司,开挖修复359机位消防主管道爆管项目,out,CQS2023-45,WBHTGL-20230508-001,1000000927,2,0,重庆机场集团有限公司动力能源分公司,defer_to_separate_readonly_precheck,use_model_sequence_only_after_write_authorization,create_as_draft_do_not_replay_legacy_workflow,READY_FOR_READONLY_PRECHECK,
6c887a691a4145758423f9fb0d9bcc6d,ec8e6e03ff4c40cfb4ce25cdddc7474e,2813,"{""en_US"": ""向东工程""}",5871,德阳市供水安装工程队,孝感大道24-26号商铺分户工程,out,DYS2024-32,WBHTGL-20240124-011,17060682074520000,2,0,德阳市供水安装工程队,defer_to_separate_readonly_precheck,use_model_sequence_only_after_write_authorization,create_as_draft_do_not_replay_legacy_workflow,READY_FOR_READONLY_PRECHECK,
6cd6c2faa9c546f98d7516b799dfac97,ec8e6e03ff4c40cfb4ce25cdddc7474e,2813,"{""en_US"": ""向东工程""}",5871,德阳市供水安装工程队,金色阳光小区商铺分户工程,out,DYS2024-181,WBHTGL-20240923-031,17270604775600000,2,0,德阳市供水安装工程队,defer_to_separate_readonly_precheck,use_model_sequence_only_after_write_authorization,create_as_draft_do_not_replay_legacy_workflow,READY_FOR_READONLY_PRECHECK,
6d41e9b153224ce38a6836defd8a42b5,b7f07bc4b72c4cd29b5d1b445b499386,2661,"{""en_US"": ""工程学院零星项目""}",3935,四川工程职业技术学院,启明广场地砖修复更换和地砖表面防滑处理,out,DYS2023-03-05,WBHTGL-20230315-001,1000000893,2,,四川工程职业技术学院,defer_to_separate_readonly_precheck,use_model_sequence_only_after_write_authorization,create_as_draft_do_not_replay_legacy_workflow,READY_FOR_READONLY_PRECHECK,
6d94c7d645e64f00ad964ea5db1f4bd5,b7f07bc4b72c4cd29b5d1b445b499386,2661,"{""en_US"": ""工程学院零星项目""}",3935,四川工程职业技术学院,南区绿化垃圾堆积坑开挖项目,out,DYS2023-46,WBHTGL-20230510-001,1000000928,2,,四川工程职业技术学院,defer_to_separate_readonly_precheck,use_model_sequence_only_after_write_authorization,create_as_draft_do_not_replay_legacy_workflow,READY_FOR_READONLY_PRECHECK,
6dd660d01b324e848a7fbb062ef66e74,ec8e6e03ff4c40cfb4ce25cdddc7474e,2813,"{""en_US"": ""向东工程""}",5871,德阳市供水安装工程队,四四川中融大名城8.9.10.11.12.20号楼新建户表工程,out,DYS2021-01-20,WBHTGL-20210824-002,1000000496,2,,德阳市供水安装工程队,defer_to_separate_readonly_precheck,use_model_sequence_only_after_write_authorization,create_as_draft_do_not_replay_legacy_workflow,READY_FOR_READONLY_PRECHECK,
6e0e93ff93594078b5b3251ed73b683b,ec8e6e03ff4c40cfb4ce25cdddc7474e,2813,"{""en_US"": ""向东工程""}",5871,德阳市供水安装工程队,德阳市秦湖路（峨眉山南路-利山路）De200给水管道工程,out,DYS2022-16-6,WBHTGL-20220119-008,1000000602,2,,德阳市供水安装工程队,defer_to_separate_readonly_precheck,use_model_sequence_only_after_write_authorization,create_as_draft_do_not_replay_legacy_workflow,READY_FOR_READONLY_PRECHECK,
6e233606d56f42768bc126c12f314a9b,53d146fb74524859a820019e03d8a8dc,2384,"{""en_US"": ""伽师县工业园区空气源供热建设项目（二次）二标段""}",3791,伽师工业园区管理委员会,伽师县工业园区空气源供热建设项目（二次）二标段,out,XJ2023-186,WBHTGL-20231206-001,17018494484860000,2,0,伽师工业园区管理委员会,defer_to_separate_readonly_precheck,use_model_sequence_only_after_write_authorization,create_as_draft_do_not_replay_legacy_workflow,READY_FOR_READONLY_PRECHECK,
6e4be9f43e80405bb0f923103591c6a0,ec8e6e03ff4c40cfb4ce25cdddc7474e,2813,"{""en_US"": ""向东工程""}",5871,德阳市供水安装工程队,四川嘉盛兴业房地产开发有限公司施工用水工程,out,DYS2024-200,WBHTGL-20240923-051,17270745647940000,2,0,德阳市供水安装工程队,defer_to_separate_readonly_precheck,use_model_sequence_only_after_write_authorization,create_as_draft_do_not_replay_legacy_workflow,READY_FOR_READONLY_PRECHECK,
6e6f1417d86443a7ae70ec7f019ce9da,6b4e37cd90a94055a69de211efdab846,2444,"{""en_US"": ""易静工程（德阳二重工程项目）""}",5803,二重（德阳）重型装备有限公司,热处理厂高跨行车梯台安全整治项目,out,DYS2025-157,WBHTGL-20250917-002,17580959142950000,2,0,二重（德阳）重型装备有限公司,defer_to_separate_readonly_precheck,use_model_sequence_only_after_write_authorization,create_as_draft_do_not_replay_legacy_workflow,READY_FOR_READONLY_PRECHECK,
6e81890f9b9a4aa0a27b56f10a42cc36,ec8e6e03ff4c40cfb4ce25cdddc7474e,2813,"{""en_US"": ""向东工程""}",5871,德阳市供水安装工程队,泰山路（金沙江路-新收费站）DN400给水整改工程,out,DYS2023-195,WBHTGL-20231228-001,17037296327220000,2,0,德阳市供水安装工程队,defer_to_separate_readonly_precheck,use_model_sequence_only_after_write_authorization,create_as_draft_do_not_replay_legacy_workflow,READY_FOR_READONLY_PRECHECK,
6ebc2dbfa91f4815b14ad0df6a45bf48,6b4e37cd90a94055a69de211efdab846,2444,"{""en_US"": ""易静工程（德阳二重工程项目）""}",3663,中国第二重型机械集团德阳万航模锻有限责任公司,现场整治-休息室改造,out,DYS2024-110,WBHTGL-20240704-003,17200597300300000,2,0,中国第二重型机械集团德阳万航模锻有限责任公司,defer_to_separate_readonly_precheck,use_model_sequence_only_after_write_authorization,create_as_draft_do_not_replay_legacy_workflow,READY_FOR_READONLY_PRECHECK,
6ec312fa99d945e0ad0d429573046ce3,ec8e6e03ff4c40cfb4ce25cdddc7474e,2813,"{""en_US"": ""向东工程""}",5871,德阳市供水安装工程队,旌兴水务新建总表工程,out,DYS2024-251,WBHTGL-20241204-004,17332945204720000,2,0,德阳市供水安装工程队,defer_to_separate_readonly_precheck,use_model_sequence_only_after_write_authorization,create_as_draft_do_not_replay_legacy_workflow,READY_FOR_READONLY_PRECHECK,
6ecd026c8d4c4d209ffb148415250177,2cdca43cbcab4faf95cdbc99a09a1454,2255,"{""en_US"": ""罗江区2020年暴雨洪灾水毁后重建护岸覆土工程劳务（第二次）""}",5846,四川纹江致远建筑开发工程有限公司,罗江区2020年暴雨洪灾水毁后重建护岸覆土工程劳务（第二次）,out,DYS2021-39,WBHTGL-20210525-001,1000000438,2,,四川纹江致远建筑开发工程有限公司,defer_to_separate_readonly_precheck,use_model_sequence_only_after_write_authorization,create_as_draft_do_not_replay_legacy_workflow,READY_FOR_READONLY_PRECHECK,
6edd8ae40b924e7cbe7b4762d99eec9a,ec8e6e03ff4c40cfb4ce25cdddc7474e,2813,"{""en_US"": ""向东工程""}",5871,德阳市供水安装工程队,旌阳区八角井街道工农村社区巢湖路景山街37号分户工程,out,DYS2024-31,WBHTGL-20240124-010,17060680674830000,2,0,德阳市供水安装工程队,defer_to_separate_readonly_precheck,use_model_sequence_only_after_write_authorization,create_as_draft_do_not_replay_legacy_workflow,READY_FOR_READONLY_PRECHECK,
6f12db580a7f4c1881ab7199b3dc0635,6b4e37cd90a94055a69de211efdab846,2444,"{""en_US"": ""易静工程（德阳二重工程项目）""}",3663,中国第二重型机械集团德阳万航模锻有限责任公司,模锻厂-2026年度零星维修,out,DYS2026-34,WBHTGL-20260302-005,17724164658500000,2,0,中国第二重型机械集团德阳万航模锻有限责任公司,defer_to_separate_readonly_precheck,use_model_sequence_only_after_write_authorization,create_as_draft_do_not_replay_legacy_workflow,READY_FOR_READONLY_PRECHECK,
6ff753212eff4fe191e10403ff74cac3,b7f07bc4b72c4cd29b5d1b445b499386,2661,"{""en_US"": ""工程学院零星项目""}",3935,四川工程职业技术学院,2020年工程学院项目,out,DYS2020-07-16,WBHTGL-20200710-002,1000000220,2,,四川工程职业技术学院,defer_to_separate_readonly_precheck,use_model_sequence_only_after_write_authorization,create_as_draft_do_not_replay_legacy_workflow,READY_FOR_READONLY_PRECHECK,
702b26711c4649978b2434c9a6d98934,6b4e37cd90a94055a69de211efdab846,2444,"{""en_US"": ""易静工程（德阳二重工程项目）""}",5803,二重（德阳）重型装备有限公司,炼钢厂厂房和房屋防水治漏项目,out,DYS2020-09-10,WBHTGL-20210519-002,1000000435,2,,二重（德阳）重型装备有限公司,defer_to_separate_readonly_precheck,use_model_sequence_only_after_write_authorization,create_as_draft_do_not_replay_legacy_workflow,READY_FOR_READONLY_PRECHECK,
703bd57fdaba48bb9f953350899d0841,b7f07bc4b72c4cd29b5d1b445b499386,2661,"{""en_US"": ""工程学院零星项目""}",3935,四川工程职业技术学院,集萃苑东南面木亭维修,out,DYS2021-12-15,WBHTGL-20210628-003,1000000462,2,,四川工程职业技术学院,defer_to_separate_readonly_precheck,use_model_sequence_only_after_write_authorization,create_as_draft_do_not_replay_legacy_workflow,READY_FOR_READONLY_PRECHECK,
7058aacf135441909eab0e6cc230ae2e,6b15fd3e78694585bba77c73601b3ccb,2442,"{""en_US"": ""朝天区沙河镇元西村农村公路面硬化工程""}",4187,广元市朝天区沙河镇人民政府,朝天区沙河镇元西村农村公路路面硬化工程合同协议书补充协议,out,GYS2021-28-1,WBHTGL-20210818-003,1000000494,2,,广元市朝天区沙河镇人民政府,defer_to_separate_readonly_precheck,use_model_sequence_only_after_write_authorization,create_as_draft_do_not_replay_legacy_workflow,READY_FOR_READONLY_PRECHECK,
705f309033ef4579b8025f579d401d15,6b4e37cd90a94055a69de211efdab846,2444,"{""en_US"": ""易静工程（德阳二重工程项目）""}",5803,二重（德阳）重型装备有限公司,高端能源装备极限制造热处理产线能力提升项目-热处理厂47#炉操作间改建,out,DYS2025-175,WBHTGL-20251016-001,17605834719920000,2,0,二重（德阳）重型装备有限公司,defer_to_separate_readonly_precheck,use_model_sequence_only_after_write_authorization,create_as_draft_do_not_replay_legacy_workflow,READY_FOR_READONLY_PRECHECK,
70bcf9f5fe334f7abdf8798e74a12f9e,38a5b46f53294ed7bcd2ed60c2a8ab46,2286,"{""en_US"": ""广汉市城市更新天府旌城南片区城中村改造项目地基基础工程专业分包""}",552,四川中彩源建设工程有限公司,广汉市城市更新天府旌城南片区城中村改造项目地基基础工程专业分包,out,DYS2026-39,WBHTGL-20260310-003,17731340062560000,2,0,四川中彩源建设工程有限公司,defer_to_separate_readonly_precheck,use_model_sequence_only_after_write_authorization,create_as_draft_do_not_replay_legacy_workflow,READY_FOR_READONLY_PRECHECK,
70c6790a0d19494c93720a79f32b48d7,a5c3158b49694b9b80cc642bde276b66,2615,"{""en_US"": ""汉源县生态农副产品产业园区基础配套设施建设项目-孵化园一标段""}",3985,四川熙韵建筑工程有限公司,汉源县生态农副产品产业园区基础配套设施建设项目-孵化园一标段,out,YAS2023-116,WBHTGL-20230901-001,16935400653680000,2,0,四川熙韵建筑工程有限公司,defer_to_separate_readonly_precheck,use_model_sequence_only_after_write_authorization,create_as_draft_do_not_replay_legacy_workflow,READY_FOR_READONLY_PRECHECK,
71299d814c554a4d990e6650b27e843f,ec8e6e03ff4c40cfb4ce25cdddc7474e,2813,"{""en_US"": ""向东工程""}",5871,德阳市供水安装工程队,长江流域可持续发展(沱江上游-绵远河段）综合治理项目6#7#地块漓江一路新建总表工程,out,DYS2024-212,WBHTGL-20240923-063,17270766159500000,2,0,德阳市供水安装工程队,defer_to_separate_readonly_precheck,use_model_sequence_only_after_write_authorization,create_as_draft_do_not_replay_legacy_workflow,READY_FOR_READONLY_PRECHECK,
71a11ce4cc5f4b1aaff98ed7f9fa86e4,a47049a94e0f4b61b0d7bf3e26dc1bf5,2611,"{""en_US"": ""中国移动四川公司雅安分公司2021-2022年渠道维修采购项目框架协议""}",3659,中国移动通信集团四川有限公司雅安分公司,中国移动四川公司雅安分公司2021-2022年渠道维修采购项目框架协议,out,YAS2021-22,WBHTGL-20210407-002,1000000395,2,,中国移动通信集团四川有限公司雅安分公司,defer_to_separate_readonly_precheck,use_model_sequence_only_after_write_authorization,create_as_draft_do_not_replay_legacy_workflow,READY_FOR_READONLY_PRECHECK,
7219de70e71a42acbf9d34edbbe51e63,6b4e37cd90a94055a69de211efdab846,2444,"{""en_US"": ""易静工程（德阳二重工程项目）""}",5047,陕西冶金设计研究院有限公司,热处理厂新增两台井式热处理电炉项目水管廊改造变更协议,out,DYS2025-104,WBHTGL-20250715-001,17525417614940000,2,0,陕西冶金设计研究院有限公司,defer_to_separate_readonly_precheck,use_model_sequence_only_after_write_authorization,create_as_draft_do_not_replay_legacy_workflow,READY_FOR_READONLY_PRECHECK,
72210204413a405290b19eb22a28113f,b7f07bc4b72c4cd29b5d1b445b499386,2661,"{""en_US"": ""工程学院零星项目""}",3935,四川工程职业技术学院,靠沱江路北面围墙种植土回填,out,DYS2022-04-03,WBHTGL-20220304-001,1000000611,2,,四川工程职业技术学院,defer_to_separate_readonly_precheck,use_model_sequence_only_after_write_authorization,create_as_draft_do_not_replay_legacy_workflow,READY_FOR_READONLY_PRECHECK,
724b3d082de9410baa109525da1fd396,6b4e37cd90a94055a69de211efdab846,2444,"{""en_US"": ""易静工程（德阳二重工程项目）""}",3663,中国第二重型机械集团德阳万航模锻有限责任公司,模锻厂-1MJ锤液压站管卡基础制作,out,DYS2024-233,WBHTGL-20241029-001,17301680796430000,2,0,中国第二重型机械集团德阳万航模锻有限责任公司,defer_to_separate_readonly_precheck,use_model_sequence_only_after_write_authorization,create_as_draft_do_not_replay_legacy_workflow,READY_FOR_READONLY_PRECHECK,
7273230b0c264552b4151dc67313c90b,6b4e37cd90a94055a69de211efdab846,2444,"{""en_US"": ""易静工程（德阳二重工程项目）""}",3663,中国第二重型机械集团德阳万航模锻有限责任公司,模锻厂 800MN泵站地下水渗漏整治,out,DYS2024-90,WBHTGL-20240524-001,17165118215880000,2,0,中国第二重型机械集团德阳万航模锻有限责任公司,defer_to_separate_readonly_precheck,use_model_sequence_only_after_write_authorization,create_as_draft_do_not_replay_legacy_workflow,READY_FOR_READONLY_PRECHECK,
72a397c198e64be3bd89830d0dee401c,6b4e37cd90a94055a69de211efdab846,2444,"{""en_US"": ""易静工程（德阳二重工程项目）""}",5803,二重（德阳）重型装备有限公司,炼钢厂控制室值班室安全改造项目,out,DYS2022-15-13,WBHTGL-20220928-001,1000000768,2,,二重（德阳）重型装备有限公司,defer_to_separate_readonly_precheck,use_model_sequence_only_after_write_authorization,create_as_draft_do_not_replay_legacy_workflow,READY_FOR_READONLY_PRECHECK,
72be6aa32018478c994583fdfd85a099,6b4e37cd90a94055a69de211efdab846,2444,"{""en_US"": ""易静工程（德阳二重工程项目）""}",3663,中国第二重型机械集团德阳万航模锻有限责任公司,模锻厂-职工小家建设,out,DYS2024-92,WBHTGL-20240527-001,17167929436280000,2,0,中国第二重型机械集团德阳万航模锻有限责任公司,defer_to_separate_readonly_precheck,use_model_sequence_only_after_write_authorization,create_as_draft_do_not_replay_legacy_workflow,READY_FOR_READONLY_PRECHECK,
72d232b53d014b73abbe7538165fc23d,45cbbe788bee4d1eb75ce24a99344dc7,2326,"{""en_US"": ""拉萨市柳梧新区管网改造""}",5897,拉萨市柳梧新区管理委员会,拉萨市柳梧新区管网改造,out,XZQ2021-89,WBHTGL-20211022-002,1000000523,2,,拉萨市柳梧新区管理委员会,defer_to_separate_readonly_precheck,use_model_sequence_only_after_write_authorization,create_as_draft_do_not_replay_legacy_workflow,READY_FOR_READONLY_PRECHECK,
73028f6190f644e1b9b220fccf98b65f,ec8e6e03ff4c40cfb4ce25cdddc7474e,2813,"{""en_US"": ""向东工程""}",5871,德阳市供水安装工程队,秀山街与青衣江路交汇处江勇分户工程,out,DYS2020-59-02,WBHTGL-20201225-003,1000000323,2,,德阳市供水安装工程队,defer_to_separate_readonly_precheck,use_model_sequence_only_after_write_authorization,create_as_draft_do_not_replay_legacy_workflow,READY_FOR_READONLY_PRECHECK,
7333faaaca96403f95bb4b9beb256a04,77f6ddc2d277451f922b7c5177530dde,2474,"{""en_US"": ""违法建（构）筑物拆除工程施工协议2021-2024""}",4313,德阳市城市管理行政执法局,美林康城8栋17楼2号,out,DYS2024-51,WBHTGL-20240319-001,17108139218700000,2,0,德阳市城市管理行政执法局,defer_to_separate_readonly_precheck,use_model_sequence_only_after_write_authorization,create_as_draft_do_not_replay_legacy_workflow,READY_FOR_READONLY_PRECHECK,
73adfbd01721407b98bebdf6eacb283b,108141059f724a008d2250d7c01449c8,2161,"{""en_US"": ""龙泉山路与旌湖路交会处东北角土地围挡项目""}",5892,德阳经开建设工程有限公司,龙泉山路与旌湖路交会处东北角土地围挡项目,out,DYS2025-108,WBHTGL-20250718-001,17528003814310000,1,0,德阳经开建设工程有限公司,defer_to_separate_readonly_precheck,use_model_sequence_only_after_write_authorization,create_as_draft_do_not_replay_legacy_workflow,READY_FOR_READONLY_PRECHECK,
73d921f8bb3644a383fba9a8e889bec2,77f6ddc2d277451f922b7c5177530dde,2474,"{""en_US"": ""违法建（构）筑物拆除工程施工协议2021-2024""}",4313,德阳市城市管理行政执法局,泰山北路农行宿舍,out,DYS2024-128,WBHTGL-20240812-003,17234474973220000,2,0,德阳市城市管理行政执法局,defer_to_separate_readonly_precheck,use_model_sequence_only_after_write_authorization,create_as_draft_do_not_replay_legacy_workflow,READY_FOR_READONLY_PRECHECK,
7447d6f2f0b14a41be71a795689e9277,6b4e37cd90a94055a69de211efdab846,2444,"{""en_US"": ""易静工程（德阳二重工程项目）""}",3663,中国第二重型机械集团德阳万航模锻有限责任公司,压机冷却系统内外循环清洗和维修架管搭建,out,DYS2024-132,WBHTGL-20240819-002,17240291097340000,2,0,中国第二重型机械集团德阳万航模锻有限责任公司,defer_to_separate_readonly_precheck,use_model_sequence_only_after_write_authorization,create_as_draft_do_not_replay_legacy_workflow,READY_FOR_READONLY_PRECHECK,
745fbc63eac04168bff8196d5d43c99c,ec8e6e03ff4c40cfb4ce25cdddc7474e,2813,"{""en_US"": ""向东工程""}",5871,德阳市供水安装工程队,陈涛孝感玉兰街30号商铺分户工程,out,DYS2024-156,WBHTGL-20240923-005,17270569199660000,2,0,德阳市供水安装工程队,defer_to_separate_readonly_precheck,use_model_sequence_only_after_write_authorization,create_as_draft_do_not_replay_legacy_workflow,READY_FOR_READONLY_PRECHECK,
74c126e81c2d4d2d8f206ff2170da852,9ebba094a48443a39dd7e1421da8dfbb,2588,"{""en_US"": ""刘伟零星工程项目""}",4481,德阳锦欣护理中心有限公司,成都铁路分局德阳车务段运输服务公司商业用气报警系统安装工程,out,DYS2023-94,WBHTGL-20230728-003,1000000981,2,0,德阳锦欣护理中心有限公司,defer_to_separate_readonly_precheck,use_model_sequence_only_after_write_authorization,create_as_draft_do_not_replay_legacy_workflow,READY_FOR_READONLY_PRECHECK,
74d1c4266d394a1297bc4d838fad3614,6b4e37cd90a94055a69de211efdab846,2444,"{""en_US"": ""易静工程（德阳二重工程项目）""}",3663,中国第二重型机械集团德阳万航模锻有限责任公司,热处理厂-安全通道整治施工,out,DYS2025-66,WBHTGL-20250527-001,17483397361480000,2,0,中国第二重型机械集团德阳万航模锻有限责任公司,defer_to_separate_readonly_precheck,use_model_sequence_only_after_write_authorization,create_as_draft_do_not_replay_legacy_workflow,READY_FOR_READONLY_PRECHECK,
75300bb2ee7940aebf3c22ba370c5c7e,6b4e37cd90a94055a69de211efdab846,2444,"{""en_US"": ""易静工程（德阳二重工程项目）""}",5803,二重（德阳）重型装备有限公司,齿轮厂老跨三楼女工更衣室改造,out,DYS2023-84,WBHTGL-20230714-001,1000000971,2,0,二重（德阳）重型装备有限公司,defer_to_separate_readonly_precheck,use_model_sequence_only_after_write_authorization,create_as_draft_do_not_replay_legacy_workflow,READY_FOR_READONLY_PRECHECK,
754693960d6845d6b49cc15cb1ef51aa,b7f07bc4b72c4cd29b5d1b445b499386,2661,"{""en_US"": ""工程学院零星项目""}",3935,四川工程职业技术学院,零星机械租赁,out,DYS2023-174,WBHTGL-20231120-004,17004459656530000,2,0,四川工程职业技术学院,defer_to_separate_readonly_precheck,use_model_sequence_only_after_write_authorization,create_as_draft_do_not_replay_legacy_workflow,READY_FOR_READONLY_PRECHECK,
7573262b86b04874b9de8e4102fe51f1,18b103d698be404b80f9bf782c1a174d,2187,"{""en_US"": ""德阳市旌合建设工程有限公司3#、4#、5#、6#楼幕墙工程专业分包""}",4328,德阳市旌合建设工程有限公司,3#、4#、5#、6#楼幕墙工程专业分包,out,DYS2025-203,WBHTGL-20251118-002,17634545657160000,2,0,德阳市旌合建设工程有限公司,defer_to_separate_readonly_precheck,use_model_sequence_only_after_write_authorization,create_as_draft_do_not_replay_legacy_workflow,READY_FOR_READONLY_PRECHECK,
