external_id,name,company_type,is_company,vat,phone,email,legacy_partner_id,legacy_partner_source,legacy_partner_name,legacy_credit_code,legacy_tax_no,legacy_source_evidence,source_bucket,requested_partner_ref
legacy_partner_sc_012cc1690acf4cf7892ed3e2603c7677,四川省交通建设集团有限责任公司,company,1,,,,012cc1690acf4cf7892ed3e2603c7677,cooperat_company,四川省交通建设集团有限责任公司,,,tmp/raw/partner/company.csv:T_Base_CooperatCompany,partner_master,legacy_partner_sc_012cc1690acf4cf7892ed3e2603c7677
legacy_partner_sc_01BC90A4E9DA45368A99BA46B57733FD,仁寿县富加镇人民政府,company,1,,,,01BC90A4E9DA45368A99BA46B57733FD,cooperat_company,仁寿县富加镇人民政府,,,tmp/raw/partner/company.csv:T_Base_CooperatCompany,partner_master,legacy_partner_sc_01BC90A4E9DA45368A99BA46B57733FD
legacy_partner_sc_021c3886541e4515bb8377ca3e65d9f8,德阳市自来水公司,company,1,,,,021c3886541e4515bb8377ca3e65d9f8,cooperat_company,德阳市自来水公司,,,tmp/raw/partner/company.csv:T_Base_CooperatCompany,partner_master,legacy_partner_sc_021c3886541e4515bb8377ca3e65d9f8
legacy_partner_sc_026839DB3B204BE28828C8DA12F0B092,德阳市旌阳区黄许镇卫生院（有误）,company,1,,,,026839DB3B204BE28828C8DA12F0B092,cooperat_company,德阳市旌阳区黄许镇卫生院（有误）,,,tmp/raw/partner/company.csv:T_Base_CooperatCompany,partner_master,legacy_partner_sc_026839DB3B204BE28828C8DA12F0B092
legacy_partner_sc_02d21d9e43a047489db27a026c15e091,德阳宏泰盛源实业有限公司,company,1,,,,02d21d9e43a047489db27a026c15e091,cooperat_company,德阳宏泰盛源实业有限公司,,,tmp/raw/partner/company.csv:T_Base_CooperatCompany,partner_master,legacy_partner_sc_02d21d9e43a047489db27a026c15e091
legacy_partner_sc_04917A51E9F64E318A09532F68E4AC8B,德阳市旌阳区孝感街道金马村村民委员会,company,1,,,,04917A51E9F64E318A09532F68E4AC8B,cooperat_company,德阳市旌阳区孝感街道金马村村民委员会,,,tmp/raw/partner/company.csv:T_Base_CooperatCompany,partner_master,legacy_partner_sc_04917A51E9F64E318A09532F68E4AC8B
legacy_partner_sc_078A0ED6585341779F27890B42AEACFB,广元市朝天区沙河镇人民政府,company,1,,,,078A0ED6585341779F27890B42AEACFB,cooperat_company,广元市朝天区沙河镇人民政府,,,tmp/raw/partner/company.csv:T_Base_CooperatCompany,partner_master,legacy_partner_sc_078A0ED6585341779F27890B42AEACFB
legacy_partner_sc_07ccebac69384cc8a87e22d86c26f15e,中江县水利局,company,1,,,,07ccebac69384cc8a87e22d86c26f15e,cooperat_company,中江县水利局,,,tmp/raw/partner/company.csv:T_Base_CooperatCompany,partner_master,legacy_partner_sc_07ccebac69384cc8a87e22d86c26f15e
legacy_partner_sc_08748a8a4a134be6bd7dbcbe1d159645,德阳市旌创建设工程有限公司,company,1,,,,08748a8a4a134be6bd7dbcbe1d159645,cooperat_company,德阳市旌创建设工程有限公司,,,tmp/raw/partner/company.csv:T_Base_CooperatCompany,partner_master,legacy_partner_sc_08748a8a4a134be6bd7dbcbe1d159645
legacy_partner_sc_08eef0947b3e41c3b482e17130364cf6,四川卓远企业征信咨询有限公司,company,1,,,,08eef0947b3e41c3b482e17130364cf6,cooperat_company,四川卓远企业征信咨询有限公司,,,tmp/raw/partner/company.csv:T_Base_CooperatCompany,partner_master,legacy_partner_sc_08eef0947b3e41c3b482e17130364cf6
legacy_partner_sc_08fb496d3ce0479c85388fd2716cd0ad,中铁十九局集团第三工程有限公司,company,1,,,,08fb496d3ce0479c85388fd2716cd0ad,cooperat_company,中铁十九局集团第三工程有限公司,,,tmp/raw/partner/company.csv:T_Base_CooperatCompany,partner_master,legacy_partner_sc_08fb496d3ce0479c85388fd2716cd0ad
legacy_partner_sc_0A00E140687C485D990B1A93C850FAFF,国营川西机械厂,company,1,,,,0A00E140687C485D990B1A93C850FAFF,cooperat_company,国营川西机械厂,,,tmp/raw/partner/company.csv:T_Base_CooperatCompany,partner_master,legacy_partner_sc_0A00E140687C485D990B1A93C850FAFF
legacy_partner_sc_0A3124836B7540B48360A9A48C4F4D8C,四川省中江实验中学,company,1,,,,0A3124836B7540B48360A9A48C4F4D8C,cooperat_company,四川省中江实验中学,,,tmp/raw/partner/company.csv:T_Base_CooperatCompany,partner_master,legacy_partner_sc_0A3124836B7540B48360A9A48C4F4D8C
legacy_partner_sc_0C329C94CFD44DC9A864273490221743,布拖县基只乡（镇）人民政府,company,1,,,,0C329C94CFD44DC9A864273490221743,cooperat_company,布拖县基只乡（镇）人民政府,,,tmp/raw/partner/company.csv:T_Base_CooperatCompany,partner_master,legacy_partner_sc_0C329C94CFD44DC9A864273490221743
legacy_partner_sc_0E3E6C38AC5942C6A16DED4F4815E875,旌阳区旌阳清真寺,company,1,,,,0E3E6C38AC5942C6A16DED4F4815E875,cooperat_company,旌阳区旌阳清真寺,,,tmp/raw/partner/company.csv:T_Base_CooperatCompany,partner_master,legacy_partner_sc_0E3E6C38AC5942C6A16DED4F4815E875
legacy_partner_sc_0E6294EEDE0C421EA16938E0E1D1DF55,中国移动通信集团四川有限公司天府新区分公司,company,1,,,,0E6294EEDE0C421EA16938E0E1D1DF55,cooperat_company,中国移动通信集团四川有限公司天府新区分公司,,,tmp/raw/partner/company.csv:T_Base_CooperatCompany,partner_master,legacy_partner_sc_0E6294EEDE0C421EA16938E0E1D1DF55
legacy_partner_sc_0F2EBA36D47846B6A974215A4ACBAEC0,明源电力公寓小区业委会,company,1,,,,0F2EBA36D47846B6A974215A4ACBAEC0,cooperat_company,明源电力公寓小区业委会,,,tmp/raw/partner/company.csv:T_Base_CooperatCompany,partner_master,legacy_partner_sc_0F2EBA36D47846B6A974215A4ACBAEC0
legacy_partner_sc_0F509F3D891E4FD1A3CFA7B811AB3722,重庆机场集团有限公司动力能源分公司,company,1,,,,0F509F3D891E4FD1A3CFA7B811AB3722,cooperat_company,重庆机场集团有限公司动力能源分公司,,,tmp/raw/partner/company.csv:T_Base_CooperatCompany,partner_master,legacy_partner_sc_0F509F3D891E4FD1A3CFA7B811AB3722
legacy_partner_sc_0a639f884eeb49018d445f7976de1bfb,中国电信股份有限公司四川分公司,company,1,91510000671414693M,,,0a639f884eeb49018d445f7976de1bfb,cooperat_company,中国电信股份有限公司四川分公司,91510000671414693M,,tmp/raw/partner/company.csv:T_Base_CooperatCompany,partner_master,legacy_partner_sc_0a639f884eeb49018d445f7976de1bfb
legacy_partner_sc_0b4ed9c3724048d6b8b2f5cbdc3dbab8,中铁二十三局四公司德阳市东一环路工程青衣江道路工程项目部,company,1,,,,0b4ed9c3724048d6b8b2f5cbdc3dbab8,cooperat_company,中铁二十三局四公司德阳市东一环路工程青衣江道路工程项目部,,,tmp/raw/partner/company.csv:T_Base_CooperatCompany,partner_master,legacy_partner_sc_0b4ed9c3724048d6b8b2f5cbdc3dbab8
legacy_partner_sc_0c942819a1654d8d8a933b14557623e9,中铁一局集团铁路建设有限公司,company,1,,,,0c942819a1654d8d8a933b14557623e9,cooperat_company,中铁一局集团铁路建设有限公司,,,tmp/raw/partner/company.csv:T_Base_CooperatCompany,partner_master,legacy_partner_sc_0c942819a1654d8d8a933b14557623e9
legacy_partner_sc_0d72a7b1934646de9ab5a6f83dc7a9c3,德阳市旌阳区汇乐幼儿园,company,1,,,,0d72a7b1934646de9ab5a6f83dc7a9c3,cooperat_company,德阳市旌阳区汇乐幼儿园,,,tmp/raw/partner/company.csv:T_Base_CooperatCompany,partner_master,legacy_partner_sc_0d72a7b1934646de9ab5a6f83dc7a9c3
legacy_partner_sc_106E8EF97ACD479F82A872795374491A,四川中恒联合建设工程有限公司,company,1,,,,106E8EF97ACD479F82A872795374491A,cooperat_company,四川中恒联合建设工程有限公司,,,tmp/raw/partner/company.csv:T_Base_CooperatCompany,partner_master,legacy_partner_sc_106E8EF97ACD479F82A872795374491A
legacy_partner_sc_108a5cb993724648bd5f98d85521cb25,四川安训星光体育发展有限责任公司,company,1,,,,108a5cb993724648bd5f98d85521cb25,cooperat_company,四川安训星光体育发展有限责任公司,,,tmp/raw/partner/company.csv:T_Base_CooperatCompany,partner_master,legacy_partner_sc_108a5cb993724648bd5f98d85521cb25
legacy_partner_sc_10f0342425314adf8ce794a78763fbf8,中铁隧道局集团有限公司,company,1,,,,10f0342425314adf8ce794a78763fbf8,cooperat_company,中铁隧道局集团有限公司,,,tmp/raw/partner/company.csv:T_Base_CooperatCompany,partner_master,legacy_partner_sc_10f0342425314adf8ce794a78763fbf8
legacy_partner_sc_113e0cf09e0e480c85a5dcca63c3738b,四川盈佳置业有限公司,company,1,,,,113e0cf09e0e480c85a5dcca63c3738b,cooperat_company,四川盈佳置业有限公司,,,tmp/raw/partner/company.csv:T_Base_CooperatCompany,partner_master,legacy_partner_sc_113e0cf09e0e480c85a5dcca63c3738b
legacy_partner_sc_115C3FA1E8894E72A7B7BDD47DEA5D12,中国人寿财产保险股份有限公司德阳市中心支公司,company,1,,,,115C3FA1E8894E72A7B7BDD47DEA5D12,cooperat_company,中国人寿财产保险股份有限公司德阳市中心支公司,,,tmp/raw/partner/company.csv:T_Base_CooperatCompany,partner_master,legacy_partner_sc_115C3FA1E8894E72A7B7BDD47DEA5D12
legacy_partner_sc_12F7A2F5CF6444E09534EE622DA14ABD,绵竹市南轩中学,company,1,,,,12F7A2F5CF6444E09534EE622DA14ABD,cooperat_company,绵竹市南轩中学,,,tmp/raw/partner/company.csv:T_Base_CooperatCompany,partner_master,legacy_partner_sc_12F7A2F5CF6444E09534EE622DA14ABD
legacy_partner_sc_137813bf087e4c6ea7abe82bef6be177,大英县金元镇人民政府,company,1,,,,137813bf087e4c6ea7abe82bef6be177,cooperat_company,大英县金元镇人民政府,,,tmp/raw/partner/company.csv:T_Base_CooperatCompany,partner_master,legacy_partner_sc_137813bf087e4c6ea7abe82bef6be177
legacy_partner_sc_139f490fbc3447ef8c12e51b71a0061c,四川省宇汇建设工程有限公司日喀则分公司,company,1,,,,139f490fbc3447ef8c12e51b71a0061c,cooperat_company,四川省宇汇建设工程有限公司日喀则分公司,,,tmp/raw/partner/company.csv:T_Base_CooperatCompany,partner_master,legacy_partner_sc_139f490fbc3447ef8c12e51b71a0061c
legacy_partner_sc_13fc6037b0fa46308fd12a8dd1f8d2ec,德阳明源电力（集团）有限公司德为电力分公司,company,1,,,,13fc6037b0fa46308fd12a8dd1f8d2ec,cooperat_company,德阳明源电力（集团）有限公司德为电力分公司,,,tmp/raw/partner/company.csv:T_Base_CooperatCompany,partner_master,legacy_partner_sc_13fc6037b0fa46308fd12a8dd1f8d2ec
legacy_partner_sc_144b98f7e1a54d76b9b46ee0dfede97c,德阳市建设投资发展集团有限公司,company,1,,,,144b98f7e1a54d76b9b46ee0dfede97c,cooperat_company,德阳市建设投资发展集团有限公司,,,tmp/raw/partner/company.csv:T_Base_CooperatCompany,partner_master,legacy_partner_sc_144b98f7e1a54d76b9b46ee0dfede97c
legacy_partner_sc_1477b28fe29c48c09d0eb39846d63552,重庆科学城高新置业有限公司,company,1,,,,1477b28fe29c48c09d0eb39846d63552,cooperat_company,重庆科学城高新置业有限公司,,,tmp/raw/partner/company.csv:T_Base_CooperatCompany,partner_master,legacy_partner_sc_1477b28fe29c48c09d0eb39846d63552
legacy_partner_sc_14b570a839ad4951a8ff698cd318e79e,剑阁县盐店镇人民政府,company,1,,,,14b570a839ad4951a8ff698cd318e79e,cooperat_company,剑阁县盐店镇人民政府,,,tmp/raw/partner/company.csv:T_Base_CooperatCompany,partner_master,legacy_partner_sc_14b570a839ad4951a8ff698cd318e79e
legacy_partner_sc_15A75EDC149B4BF58779237BD78F46D5,南充市高坪区农业农村局,company,1,,,,15A75EDC149B4BF58779237BD78F46D5,cooperat_company,南充市高坪区农业农村局,,,tmp/raw/partner/company.csv:T_Base_CooperatCompany,partner_master,legacy_partner_sc_15A75EDC149B4BF58779237BD78F46D5
legacy_partner_sc_17616A45A80F4A8B859805425F3F05AF,越西县消防救援大队,company,1,,,,17616A45A80F4A8B859805425F3F05AF,cooperat_company,越西县消防救援大队,,,tmp/raw/partner/company.csv:T_Base_CooperatCompany,partner_master,legacy_partner_sc_17616A45A80F4A8B859805425F3F05AF
legacy_partner_sc_196126a7bf2b4caba6dd0be44e78001a,武警新疆总队机动第五支队,company,1,,,,196126a7bf2b4caba6dd0be44e78001a,cooperat_company,武警新疆总队机动第五支队,,,tmp/raw/partner/company.csv:T_Base_CooperatCompany,partner_master,legacy_partner_sc_196126a7bf2b4caba6dd0be44e78001a
legacy_partner_sc_19C805B189AF4A5680261350FCD87250,重庆工业职业技术学院,company,1,,,,19C805B189AF4A5680261350FCD87250,cooperat_company,重庆工业职业技术学院,,,tmp/raw/partner/company.csv:T_Base_CooperatCompany,partner_master,legacy_partner_sc_19C805B189AF4A5680261350FCD87250
legacy_partner_sc_1C83D9D712AE4B389AC38E03A49441F9,中铁十八局集团第五工程有限公司1851项目经理部,company,1,,,,1C83D9D712AE4B389AC38E03A49441F9,cooperat_company,中铁十八局集团第五工程有限公司1851项目经理部,,,tmp/raw/partner/company.csv:T_Base_CooperatCompany,partner_master,legacy_partner_sc_1C83D9D712AE4B389AC38E03A49441F9
legacy_partner_sc_1D64AA3B6A6143419FFA2DBD57395328,四川泰鑫房屋维修工程有限公司,company,1,,,,1D64AA3B6A6143419FFA2DBD57395328,cooperat_company,四川泰鑫房屋维修工程有限公司,,,tmp/raw/partner/company.csv:T_Base_CooperatCompany,partner_master,legacy_partner_sc_1D64AA3B6A6143419FFA2DBD57395328
legacy_partner_sc_1D8CD8B42D314D869150313EF836C1D6,中国移动通信集团四川有限公司眉山分公司,company,1,,,,1D8CD8B42D314D869150313EF836C1D6,cooperat_company,中国移动通信集团四川有限公司眉山分公司,,,tmp/raw/partner/company.csv:T_Base_CooperatCompany,partner_master,legacy_partner_sc_1D8CD8B42D314D869150313EF836C1D6
legacy_partner_sc_1F0E93B702CD4D288F198171A102C9FA,德阳玛丽妇科医院有限责任公司,company,1,,,,1F0E93B702CD4D288F198171A102C9FA,cooperat_company,德阳玛丽妇科医院有限责任公司,,,tmp/raw/partner/company.csv:T_Base_CooperatCompany,partner_master,legacy_partner_sc_1F0E93B702CD4D288F198171A102C9FA
legacy_partner_sc_219ad7ed818e40399a298d0db375a60e,建投建材德阳旌阳有限公司,company,1,,,,219ad7ed818e40399a298d0db375a60e,company_supplier,建投建材德阳旌阳有限公司,,,tmp/raw/partner/company.csv:T_Base_CooperatCompany;tmp/raw/partner/supplier.csv:T_Base_SupplierInfo,partner_master,legacy_partner_sc_219ad7ed818e40399a298d0db375a60e
legacy_partner_sc_2244f8ba357a4d63b6217a2904102558,中铁十九局集团有限公司,company,1,,,,2244f8ba357a4d63b6217a2904102558,cooperat_company,中铁十九局集团有限公司,,,tmp/raw/partner/company.csv:T_Base_CooperatCompany,partner_master,legacy_partner_sc_2244f8ba357a4d63b6217a2904102558
legacy_partner_sc_232E2A18F0794F12B02824C164F9D0FE,阿克陶县人民医院,company,1,,,,232E2A18F0794F12B02824C164F9D0FE,cooperat_company,阿克陶县人民医院,,,tmp/raw/partner/company.csv:T_Base_CooperatCompany,partner_master,legacy_partner_sc_232E2A18F0794F12B02824C164F9D0FE
legacy_partner_sc_235DC5FBD338480BB6322FC527C2A018,中国移动通信集团四川有限公司绵阳分公司,company,1,,,,235DC5FBD338480BB6322FC527C2A018,cooperat_company,中国移动通信集团四川有限公司绵阳分公司,,,tmp/raw/partner/company.csv:T_Base_CooperatCompany,partner_master,legacy_partner_sc_235DC5FBD338480BB6322FC527C2A018
legacy_partner_sc_23fed041947e4db399e268da884d57e5,德阳经开建设工程有限公司,company,1,,,,23fed041947e4db399e268da884d57e5,cooperat_company,德阳经开建设工程有限公司,,,tmp/raw/partner/company.csv:T_Base_CooperatCompany,partner_master,legacy_partner_sc_23fed041947e4db399e268da884d57e5
legacy_partner_sc_247CEC1C5AA348369BD69CB8EA618551,德阳市市政设施和园林建设处,company,1,,,,247CEC1C5AA348369BD69CB8EA618551,cooperat_company,德阳市市政设施和园林建设处,,,tmp/raw/partner/company.csv:T_Base_CooperatCompany,partner_master,legacy_partner_sc_247CEC1C5AA348369BD69CB8EA618551
legacy_partner_sc_24FF69C01A6440BC8D093A8397149E84,四川航天职业技术学院,company,1,,,,24FF69C01A6440BC8D093A8397149E84,cooperat_company,四川航天职业技术学院,,,tmp/raw/partner/company.csv:T_Base_CooperatCompany,partner_master,legacy_partner_sc_24FF69C01A6440BC8D093A8397149E84
legacy_partner_sc_25d8c5b2ebad420cbc1a8f62da17a97c,峨边彝族自治县新场乡人民政府,company,1,,,,25d8c5b2ebad420cbc1a8f62da17a97c,cooperat_company,峨边彝族自治县新场乡人民政府,,,tmp/raw/partner/company.csv:T_Base_CooperatCompany,partner_master,legacy_partner_sc_25d8c5b2ebad420cbc1a8f62da17a97c
legacy_partner_sc_26e255b6ebb54b678dfdd3463743d479,中国石油天然气第七建设有限公司,company,1,,,,26e255b6ebb54b678dfdd3463743d479,cooperat_company,中国石油天然气第七建设有限公司,,,tmp/raw/partner/company.csv:T_Base_CooperatCompany,partner_master,legacy_partner_sc_26e255b6ebb54b678dfdd3463743d479
legacy_partner_sc_27bbb49f1e4743da9cc5bc7f9e34119a,中江县凯江中学校,company,1,,,,27bbb49f1e4743da9cc5bc7f9e34119a,cooperat_company,中江县凯江中学校,,,tmp/raw/partner/company.csv:T_Base_CooperatCompany,partner_master,legacy_partner_sc_27bbb49f1e4743da9cc5bc7f9e34119a
legacy_partner_sc_27c88614ffea40bfb9d65e7be9eb6bcd,国营川西机器厂,company,1,,,,27c88614ffea40bfb9d65e7be9eb6bcd,cooperat_company,国营川西机器厂,,,tmp/raw/partner/company.csv:T_Base_CooperatCompany,partner_master,legacy_partner_sc_27c88614ffea40bfb9d65e7be9eb6bcd
legacy_partner_sc_287c461b2f76478697038144e47b9279,中国移动通信集团四川有限公司,company,1,,,,287c461b2f76478697038144e47b9279,cooperat_company,中国移动通信集团四川有限公司,,,tmp/raw/partner/company.csv:T_Base_CooperatCompany,partner_master,legacy_partner_sc_287c461b2f76478697038144e47b9279
legacy_partner_sc_2C2A033646064C69A4E59D37E4B1D311,四川璟丰源建工集团有限公司,company,1,,,,2C2A033646064C69A4E59D37E4B1D311,cooperat_company,四川璟丰源建工集团有限公司,,,tmp/raw/partner/company.csv:T_Base_CooperatCompany,partner_master,legacy_partner_sc_2C2A033646064C69A4E59D37E4B1D311
legacy_partner_sc_2D635F3D64D8428A863BE03E0CBA8C68,四川省第六建筑有限公司,company,1,,,,2D635F3D64D8428A863BE03E0CBA8C68,cooperat_company,四川省第六建筑有限公司,,,tmp/raw/partner/company.csv:T_Base_CooperatCompany,partner_master,legacy_partner_sc_2D635F3D64D8428A863BE03E0CBA8C68
legacy_partner_sc_2F072EE30F8C461D8431AED874636D80,重庆市北碚区人民政府北温泉街道办事处,company,1,,,,2F072EE30F8C461D8431AED874636D80,cooperat_company,重庆市北碚区人民政府北温泉街道办事处,,,tmp/raw/partner/company.csv:T_Base_CooperatCompany,partner_master,legacy_partner_sc_2F072EE30F8C461D8431AED874636D80
legacy_partner_sc_2F8848C719E346ECBCE2FA0F12A33EE4,巴楚县民政局,company,1,,,,2F8848C719E346ECBCE2FA0F12A33EE4,cooperat_company,巴楚县民政局,,,tmp/raw/partner/company.csv:T_Base_CooperatCompany,partner_master,legacy_partner_sc_2F8848C719E346ECBCE2FA0F12A33EE4
legacy_partner_sc_2FBC2769344D4C0A80C381F24929F90C,德阳市房地产股份有限公司凯拂菻酒店分公司,company,1,,,,2FBC2769344D4C0A80C381F24929F90C,cooperat_company,德阳市房地产股份有限公司凯拂菻酒店分公司,,,tmp/raw/partner/company.csv:T_Base_CooperatCompany,partner_master,legacy_partner_sc_2FBC2769344D4C0A80C381F24929F90C
legacy_partner_sc_2db04500c3d542259f898ecb0eae3fcd,成都建工第五建筑工程有限公司,company,1,,,,2db04500c3d542259f898ecb0eae3fcd,cooperat_company,成都建工第五建筑工程有限公司,,,tmp/raw/partner/company.csv:T_Base_CooperatCompany,partner_master,legacy_partner_sc_2db04500c3d542259f898ecb0eae3fcd
legacy_partner_sc_2e112a1d31384dc1bbb2e9342e9a89c5,四川省绵阳外国语学校,company,1,,,,2e112a1d31384dc1bbb2e9342e9a89c5,cooperat_company,四川省绵阳外国语学校,,,tmp/raw/partner/company.csv:T_Base_CooperatCompany,partner_master,legacy_partner_sc_2e112a1d31384dc1bbb2e9342e9a89c5
legacy_partner_sc_308F2E544BAB46639CB137FF21E27DBD,重庆市荣昌区盘龙镇白鹤村村民委员会,company,1,,,,308F2E544BAB46639CB137FF21E27DBD,cooperat_company,重庆市荣昌区盘龙镇白鹤村村民委员会,,,tmp/raw/partner/company.csv:T_Base_CooperatCompany,partner_master,legacy_partner_sc_308F2E544BAB46639CB137FF21E27DBD
legacy_partner_sc_30FE9AE3FBEA40F7825B4D0D12642FB7,国网四川省电力公司成都市龙泉驿供电分公司,company,1,,,,30FE9AE3FBEA40F7825B4D0D12642FB7,cooperat_company,国网四川省电力公司成都市龙泉驿供电分公司,,,tmp/raw/partner/company.csv:T_Base_CooperatCompany,partner_master,legacy_partner_sc_30FE9AE3FBEA40F7825B4D0D12642FB7
legacy_partner_sc_30f6e290c7d046898ad5fd41c5ddffa8,重庆翰博光电有限公司,company,1,,,,30f6e290c7d046898ad5fd41c5ddffa8,cooperat_company,重庆翰博光电有限公司,,,tmp/raw/partner/company.csv:T_Base_CooperatCompany,partner_master,legacy_partner_sc_30f6e290c7d046898ad5fd41c5ddffa8
legacy_partner_sc_31C4952941CA49B5A0B2ECB7FD07DDAB,四川省第一建筑工程有限公司,company,1,,,,31C4952941CA49B5A0B2ECB7FD07DDAB,cooperat_company,四川省第一建筑工程有限公司,,,tmp/raw/partner/company.csv:T_Base_CooperatCompany,partner_master,legacy_partner_sc_31C4952941CA49B5A0B2ECB7FD07DDAB
legacy_partner_sc_31E36F8D9F624CC2B2C6468287A773FD,绵阳市发展和改革委员会,company,1,,,,31E36F8D9F624CC2B2C6468287A773FD,cooperat_company,绵阳市发展和改革委员会,,,tmp/raw/partner/company.csv:T_Base_CooperatCompany,partner_master,legacy_partner_sc_31E36F8D9F624CC2B2C6468287A773FD
legacy_partner_sc_33687b850d6445219ae57488c140c815,河北省送变电有限公司,company,1,,,,33687b850d6445219ae57488c140c815,cooperat_company,河北省送变电有限公司,,,tmp/raw/partner/company.csv:T_Base_CooperatCompany,partner_master,legacy_partner_sc_33687b850d6445219ae57488c140c815
legacy_partner_sc_3373797eb3b64dee890de9ca210570cc,中交一公局海威工程建设有限公司,company,1,,,,3373797eb3b64dee890de9ca210570cc,cooperat_company,中交一公局海威工程建设有限公司,,,tmp/raw/partner/company.csv:T_Base_CooperatCompany,partner_master,legacy_partner_sc_3373797eb3b64dee890de9ca210570cc
legacy_partner_sc_35eddc0ae97c4abb9d8da4668af01eae,四川瑞源建筑工程有限公司,company,1,,,,35eddc0ae97c4abb9d8da4668af01eae,cooperat_company,四川瑞源建筑工程有限公司,,,tmp/raw/partner/company.csv:T_Base_CooperatCompany,partner_master,legacy_partner_sc_35eddc0ae97c4abb9d8da4668af01eae
legacy_partner_sc_36fa74bc7bab4bde99e79ccc10cb431a,中铁广州工程局集团有限公司,company,1,,,,36fa74bc7bab4bde99e79ccc10cb431a,cooperat_company,中铁广州工程局集团有限公司,,,tmp/raw/partner/company.csv:T_Base_CooperatCompany,partner_master,legacy_partner_sc_36fa74bc7bab4bde99e79ccc10cb431a
legacy_partner_sc_37934CB83C8B4EFCA2748955EEC9BA9A,德阳市旌阳区红樱桃幼稚园,company,1,,,,37934CB83C8B4EFCA2748955EEC9BA9A,cooperat_company,德阳市旌阳区红樱桃幼稚园,,,tmp/raw/partner/company.csv:T_Base_CooperatCompany,partner_master,legacy_partner_sc_37934CB83C8B4EFCA2748955EEC9BA9A
legacy_partner_sc_3B4CD88B4CB4487FA213EF58F5B35180,中江县仓山镇人民政府,company,1,,,,3B4CD88B4CB4487FA213EF58F5B35180,cooperat_company,中江县仓山镇人民政府,,,tmp/raw/partner/company.csv:T_Base_CooperatCompany,partner_master,legacy_partner_sc_3B4CD88B4CB4487FA213EF58F5B35180
legacy_partner_sc_3C18E5599CE144FAB8690930FE9F01D8,德阳市罗江区白马关镇人民政府,company,1,,,,3C18E5599CE144FAB8690930FE9F01D8,cooperat_company,德阳市罗江区白马关镇人民政府,,,tmp/raw/partner/company.csv:T_Base_CooperatCompany,partner_master,legacy_partner_sc_3C18E5599CE144FAB8690930FE9F01D8
legacy_partner_sc_3F09FC5ACB9A4182A390FC156B0C22D6,四川通信服务有限公司,company,1,,,,3F09FC5ACB9A4182A390FC156B0C22D6,cooperat_company,四川通信服务有限公司,,,tmp/raw/partner/company.csv:T_Base_CooperatCompany,partner_master,legacy_partner_sc_3F09FC5ACB9A4182A390FC156B0C22D6
legacy_partner_sc_3F3AF87A899147BB98FA5B1A5F468700,苍溪县五龙镇人民政府,company,1,,,,3F3AF87A899147BB98FA5B1A5F468700,cooperat_company,苍溪县五龙镇人民政府,,,tmp/raw/partner/company.csv:T_Base_CooperatCompany,partner_master,legacy_partner_sc_3F3AF87A899147BB98FA5B1A5F468700
legacy_partner_sc_3F66CD802F9A4B7EA1650EC1CB30D927,安徽省路港工程有限责任公司,company,1,,,,3F66CD802F9A4B7EA1650EC1CB30D927,cooperat_company,安徽省路港工程有限责任公司,,,tmp/raw/partner/company.csv:T_Base_CooperatCompany,partner_master,legacy_partner_sc_3F66CD802F9A4B7EA1650EC1CB30D927
legacy_partner_sc_3a029de2e6594261bf4a15b5293e7f53,中建四局第一建筑工程有限公司,company,1,,,,3a029de2e6594261bf4a15b5293e7f53,cooperat_company,中建四局第一建筑工程有限公司,,,tmp/raw/partner/company.csv:T_Base_CooperatCompany,partner_master,legacy_partner_sc_3a029de2e6594261bf4a15b5293e7f53
legacy_partner_sc_3c56a7c412714e0f9d1bc9c7c1c5ed5c,重庆帆盾环保设备有限公司,company,1,,,,3c56a7c412714e0f9d1bc9c7c1c5ed5c,cooperat_company,重庆帆盾环保设备有限公司,,,tmp/raw/partner/company.csv:T_Base_CooperatCompany,partner_master,legacy_partner_sc_3c56a7c412714e0f9d1bc9c7c1c5ed5c
legacy_partner_sc_3dbb244e9c4d4846994010ca11a8744b,喀什市农业农村局,company,1,,,,3dbb244e9c4d4846994010ca11a8744b,cooperat_company,喀什市农业农村局,,,tmp/raw/partner/company.csv:T_Base_CooperatCompany,partner_master,legacy_partner_sc_3dbb244e9c4d4846994010ca11a8744b
legacy_partner_sc_3e5dfb41a1f0455abcc5b42a079c1353,国网新疆电力有限公司喀什供电公司,company,1,,,,3e5dfb41a1f0455abcc5b42a079c1353,cooperat_company,国网新疆电力有限公司喀什供电公司,,,tmp/raw/partner/company.csv:T_Base_CooperatCompany,partner_master,legacy_partner_sc_3e5dfb41a1f0455abcc5b42a079c1353
legacy_partner_sc_403FD26CD8A04C078C77ED2516F1D4B9,四川省什邡市城市建设投资公司,company,1,,,,403FD26CD8A04C078C77ED2516F1D4B9,cooperat_company,四川省什邡市城市建设投资公司,,,tmp/raw/partner/company.csv:T_Base_CooperatCompany,partner_master,legacy_partner_sc_403FD26CD8A04C078C77ED2516F1D4B9
legacy_partner_sc_40b21fc90f9e46dbb9ac3afff644f13f,中江县辑庆镇尖寨村股份经济合作联合社,company,1,,,,40b21fc90f9e46dbb9ac3afff644f13f,cooperat_company,中江县辑庆镇尖寨村股份经济合作联合社,,,tmp/raw/partner/company.csv:T_Base_CooperatCompany,partner_master,legacy_partner_sc_40b21fc90f9e46dbb9ac3afff644f13f
legacy_partner_sc_41325F7AB958423BBAF1A110DD4BA177,眉山环天水务有限公司,company,1,,,,41325F7AB958423BBAF1A110DD4BA177,cooperat_company,眉山环天水务有限公司,,,tmp/raw/partner/company.csv:T_Base_CooperatCompany,partner_master,legacy_partner_sc_41325F7AB958423BBAF1A110DD4BA177
legacy_partner_sc_41746ede278248f581dbd765a371bb79,德阳市住房保障和房地产事务中心,company,1,,,,41746ede278248f581dbd765a371bb79,cooperat_company,德阳市住房保障和房地产事务中心,,,tmp/raw/partner/company.csv:T_Base_CooperatCompany,partner_master,legacy_partner_sc_41746ede278248f581dbd765a371bb79
legacy_partner_sc_42619649CF1B41A3822EEEE9E1CDA18D,四川瑞荣建设有限责任公司,company,1,,,,42619649CF1B41A3822EEEE9E1CDA18D,cooperat_company,四川瑞荣建设有限责任公司,,,tmp/raw/partner/company.csv:T_Base_CooperatCompany,partner_master,legacy_partner_sc_42619649CF1B41A3822EEEE9E1CDA18D
legacy_partner_sc_427cba4e01f34510b2390ab56d007e96,德阳开放大学,company,1,125105004511351310,,,427cba4e01f34510b2390ab56d007e96,cooperat_company,德阳开放大学,125105004511351310,,tmp/raw/partner/company.csv:T_Base_CooperatCompany,partner_master,legacy_partner_sc_427cba4e01f34510b2390ab56d007e96
legacy_partner_sc_42d9b83e18a94c178721fbfd11ccb5a7,中国人民解放军95696部队,company,1,,,,42d9b83e18a94c178721fbfd11ccb5a7,cooperat_company,中国人民解放军95696部队,,,tmp/raw/partner/company.csv:T_Base_CooperatCompany,partner_master,legacy_partner_sc_42d9b83e18a94c178721fbfd11ccb5a7
legacy_partner_sc_437ee3d15a2548d781620fa3fdc7b1be,中国建筑一局（集团）有限公司,company,1,,,,437ee3d15a2548d781620fa3fdc7b1be,cooperat_company,中国建筑一局（集团）有限公司,,,tmp/raw/partner/company.csv:T_Base_CooperatCompany,partner_master,legacy_partner_sc_437ee3d15a2548d781620fa3fdc7b1be
legacy_partner_sc_43F30D4FB38B48E3BFAA06EE7A59328F,德阳市天韵文化发展有限公司天韵酒店,company,1,,,,43F30D4FB38B48E3BFAA06EE7A59328F,cooperat_company,德阳市天韵文化发展有限公司天韵酒店,,,tmp/raw/partner/company.csv:T_Base_CooperatCompany,partner_master,legacy_partner_sc_43F30D4FB38B48E3BFAA06EE7A59328F
legacy_partner_sc_45dc4ba6750c4a199773c7d3c4600de6,绵竹市众力工程机械设备有限公司,company,1,,,,45dc4ba6750c4a199773c7d3c4600de6,cooperat_company,绵竹市众力工程机械设备有限公司,,,tmp/raw/partner/company.csv:T_Base_CooperatCompany,partner_master,legacy_partner_sc_45dc4ba6750c4a199773c7d3c4600de6
legacy_partner_sc_465d51947a364767a9b2c9f30c7b1f40,德阳发展控股集团有限公司,company,1,,,,465d51947a364767a9b2c9f30c7b1f40,cooperat_company,德阳发展控股集团有限公司,,,tmp/raw/partner/company.csv:T_Base_CooperatCompany,partner_master,legacy_partner_sc_465d51947a364767a9b2c9f30c7b1f40
legacy_partner_sc_46bb394b7ccc4de4879d327c98c3b348,中铁二十三局集团第四工程有限公司,company,1,,,,46bb394b7ccc4de4879d327c98c3b348,cooperat_company,中铁二十三局集团第四工程有限公司,,,tmp/raw/partner/company.csv:T_Base_CooperatCompany,partner_master,legacy_partner_sc_46bb394b7ccc4de4879d327c98c3b348
legacy_partner_sc_470544403DE64C9F820AC12849906FC9,米易高恒置业有限公司,company,1,,,,470544403DE64C9F820AC12849906FC9,cooperat_company,米易高恒置业有限公司,,,tmp/raw/partner/company.csv:T_Base_CooperatCompany,partner_master,legacy_partner_sc_470544403DE64C9F820AC12849906FC9
legacy_partner_sc_475BDED8366B4B7B99D10C4619DAB4CD,宁南县环境保护局,company,1,,,,475BDED8366B4B7B99D10C4619DAB4CD,cooperat_company,宁南县环境保护局,,,tmp/raw/partner/company.csv:T_Base_CooperatCompany,partner_master,legacy_partner_sc_475BDED8366B4B7B99D10C4619DAB4CD
legacy_partner_sc_4799E1C864514190BAC0FC885FA0E991,中铁十九局集团第五工程有限公司,company,1,,,,4799E1C864514190BAC0FC885FA0E991,cooperat_company,中铁十九局集团第五工程有限公司,,,tmp/raw/partner/company.csv:T_Base_CooperatCompany,partner_master,legacy_partner_sc_4799E1C864514190BAC0FC885FA0E991
legacy_partner_sc_48bf6eebc71f4a07b5480465b75fb70a,重庆市城投路桥管理有限公司,company,1,,,,48bf6eebc71f4a07b5480465b75fb70a,cooperat_company,重庆市城投路桥管理有限公司,,,tmp/raw/partner/company.csv:T_Base_CooperatCompany,partner_master,legacy_partner_sc_48bf6eebc71f4a07b5480465b75fb70a
legacy_partner_sc_4CEB57B2E0D247218EC9DAFCF9136CA7,重庆市渝北区两路市政环境卫生管理所,company,1,,,,4CEB57B2E0D247218EC9DAFCF9136CA7,cooperat_company,重庆市渝北区两路市政环境卫生管理所,,,tmp/raw/partner/company.csv:T_Base_CooperatCompany,partner_master,legacy_partner_sc_4CEB57B2E0D247218EC9DAFCF9136CA7
legacy_partner_sc_4EAAE36D04FF40E5B7AF6BD5EBC0038A,德阳市罗江区调元镇人民政府,company,1,,,,4EAAE36D04FF40E5B7AF6BD5EBC0038A,cooperat_company,德阳市罗江区调元镇人民政府,,,tmp/raw/partner/company.csv:T_Base_CooperatCompany,partner_master,legacy_partner_sc_4EAAE36D04FF40E5B7AF6BD5EBC0038A
legacy_partner_sc_4F45316C4E4B4247930254D833AD9929,林芝华信恒富房地产开发有限公司,company,1,,,,4F45316C4E4B4247930254D833AD9929,cooperat_company,林芝华信恒富房地产开发有限公司,,,tmp/raw/partner/company.csv:T_Base_CooperatCompany,partner_master,legacy_partner_sc_4F45316C4E4B4247930254D833AD9929
legacy_partner_sc_4c97cf34403544c8b8e7871cfbe174a9,南京贺普科技有限公司,company,1,,,,4c97cf34403544c8b8e7871cfbe174a9,cooperat_company,南京贺普科技有限公司,,,tmp/raw/partner/company.csv:T_Base_CooperatCompany,partner_master,legacy_partner_sc_4c97cf34403544c8b8e7871cfbe174a9
legacy_partner_sc_4d1dc8c755b34fdfb7eb9c8fcf0e181f,中国电信股份有限公司泸州分公司,company,1,91510500756601244L,,,4d1dc8c755b34fdfb7eb9c8fcf0e181f,cooperat_company,中国电信股份有限公司泸州分公司,91510500756601244L,,tmp/raw/partner/company.csv:T_Base_CooperatCompany,partner_master,legacy_partner_sc_4d1dc8c755b34fdfb7eb9c8fcf0e181f
legacy_partner_sc_4e1beb51a1024c5381a64cc72dcb47df,中国建筑第六工程局有限公司,company,1,,,,4e1beb51a1024c5381a64cc72dcb47df,cooperat_company,中国建筑第六工程局有限公司,,,tmp/raw/partner/company.csv:T_Base_CooperatCompany,partner_master,legacy_partner_sc_4e1beb51a1024c5381a64cc72dcb47df
legacy_partner_sc_4e3c5fb319494c2d8f1708307bf3765f,重庆市璧山区青杠街道产业发展服务中心,company,1,12500227MB1R343626,,,4e3c5fb319494c2d8f1708307bf3765f,cooperat_company,重庆市璧山区青杠街道产业发展服务中心,12500227MB1R343626,,tmp/raw/partner/company.csv:T_Base_CooperatCompany,partner_master,legacy_partner_sc_4e3c5fb319494c2d8f1708307bf3765f
legacy_partner_sc_532f750efd65409cab30fcb99da705cf,德阳市水利局,company,1,,,,532f750efd65409cab30fcb99da705cf,cooperat_company,德阳市水利局,,,tmp/raw/partner/company.csv:T_Base_CooperatCompany,partner_master,legacy_partner_sc_532f750efd65409cab30fcb99da705cf
legacy_partner_sc_53FC7ABCC92140CF90F6578B8CEF3ACF,四川艺术职业学院,company,1,,,,53FC7ABCC92140CF90F6578B8CEF3ACF,cooperat_company,四川艺术职业学院,,,tmp/raw/partner/company.csv:T_Base_CooperatCompany,partner_master,legacy_partner_sc_53FC7ABCC92140CF90F6578B8CEF3ACF
legacy_partner_sc_54ade15b67e84e168e3f3734afde03f8,忠县涂井乡人民政府,company,1,,,,54ade15b67e84e168e3f3734afde03f8,cooperat_company,忠县涂井乡人民政府,,,tmp/raw/partner/company.csv:T_Base_CooperatCompany,partner_master,legacy_partner_sc_54ade15b67e84e168e3f3734afde03f8
legacy_partner_sc_55a4b780064547da91beedb39369552d,四川省第四建筑有限公司,company,1,,,,55a4b780064547da91beedb39369552d,cooperat_company,四川省第四建筑有限公司,,,tmp/raw/partner/company.csv:T_Base_CooperatCompany,partner_master,legacy_partner_sc_55a4b780064547da91beedb39369552d
legacy_partner_sc_55ccebb56ebe4eeea78b8a283d4cc6b5,重庆渝北区双龙水库管理所,company,1,,,,55ccebb56ebe4eeea78b8a283d4cc6b5,cooperat_company,重庆渝北区双龙水库管理所,,,tmp/raw/partner/company.csv:T_Base_CooperatCompany,partner_master,legacy_partner_sc_55ccebb56ebe4eeea78b8a283d4cc6b5
legacy_partner_sc_57822067795845d7802849576225ad53,中国铁建大桥工程局集团有限公司,company,1,,,,57822067795845d7802849576225ad53,cooperat_company,中国铁建大桥工程局集团有限公司,,,tmp/raw/partner/company.csv:T_Base_CooperatCompany,partner_master,legacy_partner_sc_57822067795845d7802849576225ad53
legacy_partner_sc_587c5af87ae14c5392b4406df6c6551c,中国第二重型机械集团(德阳)万安物业发展有限公司,company,1,,,,587c5af87ae14c5392b4406df6c6551c,cooperat_company,中国第二重型机械集团(德阳)万安物业发展有限公司,,,tmp/raw/partner/company.csv:T_Base_CooperatCompany,partner_master,legacy_partner_sc_587c5af87ae14c5392b4406df6c6551c
legacy_partner_sc_5881f3df119a4ae0a00fb1e4a0091346,德阳科力机械设备租赁有限公司,company,1,,,,5881f3df119a4ae0a00fb1e4a0091346,cooperat_company,德阳科力机械设备租赁有限公司,,,tmp/raw/partner/company.csv:T_Base_CooperatCompany,partner_master,legacy_partner_sc_5881f3df119a4ae0a00fb1e4a0091346
legacy_partner_sc_589B46F4EC6D4D1CB0DBEA3BBC5C8B7B,德阳市公路机械化工程公司,company,1,,,,589B46F4EC6D4D1CB0DBEA3BBC5C8B7B,cooperat_company,德阳市公路机械化工程公司,,,tmp/raw/partner/company.csv:T_Base_CooperatCompany,partner_master,legacy_partner_sc_589B46F4EC6D4D1CB0DBEA3BBC5C8B7B
legacy_partner_sc_589ebf8ecaea47fda16baa15655f54cc,德阳泰诚硕商贸有限公司,company,1,91510600MA68GJNM0M,,,589ebf8ecaea47fda16baa15655f54cc,cooperat_company,德阳泰诚硕商贸有限公司,91510600MA68GJNM0M,,tmp/raw/partner/company.csv:T_Base_CooperatCompany,partner_master,legacy_partner_sc_589ebf8ecaea47fda16baa15655f54cc
legacy_partner_sc_58B512A67AA34574ADBA335510B5F670,中铁广州工程局集团有限公司重庆轨道交通15号线一期土建工程01标项目经理部,company,1,,,,58B512A67AA34574ADBA335510B5F670,cooperat_company,中铁广州工程局集团有限公司重庆轨道交通15号线一期土建工程01标项目经理部,,,tmp/raw/partner/company.csv:T_Base_CooperatCompany,partner_master,legacy_partner_sc_58B512A67AA34574ADBA335510B5F670
legacy_partner_sc_5A3F3F9F21F047ACB5B6EECFAC87BB81,重庆市荣昌仁义中学校,company,1,,,,5A3F3F9F21F047ACB5B6EECFAC87BB81,cooperat_company,重庆市荣昌仁义中学校,,,tmp/raw/partner/company.csv:T_Base_CooperatCompany,partner_master,legacy_partner_sc_5A3F3F9F21F047ACB5B6EECFAC87BB81
legacy_partner_sc_5D880548C6BE4AA8ABB118727796DECD,重庆巨能建设（集团）有限公司米易分公司,company,1,,,,5D880548C6BE4AA8ABB118727796DECD,cooperat_company,重庆巨能建设（集团）有限公司米易分公司,,,tmp/raw/partner/company.csv:T_Base_CooperatCompany,partner_master,legacy_partner_sc_5D880548C6BE4AA8ABB118727796DECD
legacy_partner_sc_5DF59486E6234F58903F98B7AAE6394B,德阳市旌阳区爱尼尔幼儿园,company,1,,,,5DF59486E6234F58903F98B7AAE6394B,cooperat_company,德阳市旌阳区爱尼尔幼儿园,,,tmp/raw/partner/company.csv:T_Base_CooperatCompany,partner_master,legacy_partner_sc_5DF59486E6234F58903F98B7AAE6394B
legacy_partner_sc_5b5ecca536a04364a798b46f9488307c,重庆市荣昌区盘龙镇人民政府,company,1,,,,5b5ecca536a04364a798b46f9488307c,cooperat_company,重庆市荣昌区盘龙镇人民政府,,,tmp/raw/partner/company.csv:T_Base_CooperatCompany,partner_master,legacy_partner_sc_5b5ecca536a04364a798b46f9488307c
legacy_partner_sc_5dad61f6c20e4091b7db6d33f8e0b5ad,苍溪县兴苍建设有限公司,company,1,,,,5dad61f6c20e4091b7db6d33f8e0b5ad,cooperat_company,苍溪县兴苍建设有限公司,,,tmp/raw/partner/company.csv:T_Base_CooperatCompany,partner_master,legacy_partner_sc_5dad61f6c20e4091b7db6d33f8e0b5ad
legacy_partner_sc_606B105BF29942C683BCAE4377AF146C,中铁十二局集团有限公司宜宾机场航站区配套工程项目经理部,company,1,,,,606B105BF29942C683BCAE4377AF146C,cooperat_company,中铁十二局集团有限公司宜宾机场航站区配套工程项目经理部,,,tmp/raw/partner/company.csv:T_Base_CooperatCompany,partner_master,legacy_partner_sc_606B105BF29942C683BCAE4377AF146C
legacy_partner_sc_608B77A96BEA467D9CC65621CE53E20B,中国第二重型机械集团德阳万路运业有限公司,company,1,,,,608B77A96BEA467D9CC65621CE53E20B,cooperat_company,中国第二重型机械集团德阳万路运业有限公司,,,tmp/raw/partner/company.csv:T_Base_CooperatCompany,partner_master,legacy_partner_sc_608B77A96BEA467D9CC65621CE53E20B
legacy_partner_sc_648EA61D5BBF42768F35F4BE7BCF935B,成都市龙泉驿区第六中学校,company,1,,,,648EA61D5BBF42768F35F4BE7BCF935B,cooperat_company,成都市龙泉驿区第六中学校,,,tmp/raw/partner/company.csv:T_Base_CooperatCompany,partner_master,legacy_partner_sc_648EA61D5BBF42768F35F4BE7BCF935B
legacy_partner_sc_6762872DAD0249D39E02F49BB82D0A2C,剑阁县文化广电新闻出版局,company,1,,,,6762872DAD0249D39E02F49BB82D0A2C,cooperat_company,剑阁县文化广电新闻出版局,,,tmp/raw/partner/company.csv:T_Base_CooperatCompany,partner_master,legacy_partner_sc_6762872DAD0249D39E02F49BB82D0A2C
legacy_partner_sc_6860d6cde6a4443ea89e19a43e78e2c8,马边磷都发展有限公司,company,1,,,,6860d6cde6a4443ea89e19a43e78e2c8,cooperat_company,马边磷都发展有限公司,,,tmp/raw/partner/company.csv:T_Base_CooperatCompany,partner_master,legacy_partner_sc_6860d6cde6a4443ea89e19a43e78e2c8
legacy_partner_sc_6AED48140F1B459E96C915E9009A1A0B,德阳市凯州投资开发有限责任公司,company,1,,,,6AED48140F1B459E96C915E9009A1A0B,cooperat_company,德阳市凯州投资开发有限责任公司,,,tmp/raw/partner/company.csv:T_Base_CooperatCompany,partner_master,legacy_partner_sc_6AED48140F1B459E96C915E9009A1A0B
legacy_partner_sc_6C0B5A9FC4AD4E6EA5B9B21AB87BCE08,川北幼儿师范高等专科学校,company,1,,,,6C0B5A9FC4AD4E6EA5B9B21AB87BCE08,cooperat_company,川北幼儿师范高等专科学校,,,tmp/raw/partner/company.csv:T_Base_CooperatCompany,partner_master,legacy_partner_sc_6C0B5A9FC4AD4E6EA5B9B21AB87BCE08
legacy_partner_sc_6C31D3C6A3E84DB4B1A96859C27D6B3E,芦山县公路养护段,company,1,,,,6C31D3C6A3E84DB4B1A96859C27D6B3E,cooperat_company,芦山县公路养护段,,,tmp/raw/partner/company.csv:T_Base_CooperatCompany,partner_master,legacy_partner_sc_6C31D3C6A3E84DB4B1A96859C27D6B3E
legacy_partner_sc_6E584CBD6B5F48C980CB300E957BD2B3,旌阳区天元街道股份经济合作联合总社,company,1,,,,6E584CBD6B5F48C980CB300E957BD2B3,cooperat_company,旌阳区天元街道股份经济合作联合总社,,,tmp/raw/partner/company.csv:T_Base_CooperatCompany,partner_master,legacy_partner_sc_6E584CBD6B5F48C980CB300E957BD2B3
legacy_partner_sc_7079B66DD3754723B1BAA4E125564F33,重庆市南川区第三中学校,company,1,,,,7079B66DD3754723B1BAA4E125564F33,cooperat_company,重庆市南川区第三中学校,,,tmp/raw/partner/company.csv:T_Base_CooperatCompany,partner_master,legacy_partner_sc_7079B66DD3754723B1BAA4E125564F33
legacy_partner_sc_7159A517D37942BFA99114F8D5D88B72,四川金顺达公路工程有限责任公司,company,1,,,,7159A517D37942BFA99114F8D5D88B72,cooperat_company,四川金顺达公路工程有限责任公司,,,tmp/raw/partner/company.csv:T_Base_CooperatCompany,partner_master,legacy_partner_sc_7159A517D37942BFA99114F8D5D88B72
legacy_partner_sc_71E18636655341A6A127CFFD48B6448F,中国邮政储蓄银行股份有限公司德阳市分行,company,1,,,,71E18636655341A6A127CFFD48B6448F,cooperat_company,中国邮政储蓄银行股份有限公司德阳市分行,,,tmp/raw/partner/company.csv:T_Base_CooperatCompany,partner_master,legacy_partner_sc_71E18636655341A6A127CFFD48B6448F
legacy_partner_sc_76AAFDDBAF3C48FC8521CF0E26710F89,四川益丰房地产开发有限公司,company,1,,,,76AAFDDBAF3C48FC8521CF0E26710F89,cooperat_company,四川益丰房地产开发有限公司,,,tmp/raw/partner/company.csv:T_Base_CooperatCompany,partner_master,legacy_partner_sc_76AAFDDBAF3C48FC8521CF0E26710F89
legacy_partner_sc_7706DF8AD0904E2982954E17031E2368,德阳市罗江区住房和城乡建设局,company,1,,,,7706DF8AD0904E2982954E17031E2368,cooperat_company,德阳市罗江区住房和城乡建设局,,,tmp/raw/partner/company.csv:T_Base_CooperatCompany,partner_master,legacy_partner_sc_7706DF8AD0904E2982954E17031E2368
legacy_partner_sc_773E88C0B774452592F6B68AD23B6294,四川库伦电气有限公司,company,1,,,,773E88C0B774452592F6B68AD23B6294,cooperat_company,四川库伦电气有限公司,,,tmp/raw/partner/company.csv:T_Base_CooperatCompany,partner_master,legacy_partner_sc_773E88C0B774452592F6B68AD23B6294
legacy_partner_sc_77fd53ab84cd43c68837e42305749db4,中国移动通信集团有限公司四川分公司,company,1,,,,77fd53ab84cd43c68837e42305749db4,cooperat_company,中国移动通信集团有限公司四川分公司,,,tmp/raw/partner/company.csv:T_Base_CooperatCompany,partner_master,legacy_partner_sc_77fd53ab84cd43c68837e42305749db4
legacy_partner_sc_780460C5D17743EE93C2271B97C0474B,雅安城投建筑工程有限公司,company,1,,,,780460C5D17743EE93C2271B97C0474B,cooperat_company,雅安城投建筑工程有限公司,,,tmp/raw/partner/company.csv:T_Base_CooperatCompany,partner_master,legacy_partner_sc_780460C5D17743EE93C2271B97C0474B
legacy_partner_sc_788805b137b14a3ca735b9a6f02e709f,德阳市第六人民医院(东汽医院),company,1,,,,788805b137b14a3ca735b9a6f02e709f,cooperat_company,德阳市第六人民医院(东汽医院),,,tmp/raw/partner/company.csv:T_Base_CooperatCompany,partner_master,legacy_partner_sc_788805b137b14a3ca735b9a6f02e709f
legacy_partner_sc_79DF26DFE05249FCB223B5FB7664DC04,德阳新城亿博 房地产开发有限公司,company,1,,,,79DF26DFE05249FCB223B5FB7664DC04,cooperat_company,德阳新城亿博 房地产开发有限公司,,,tmp/raw/partner/company.csv:T_Base_CooperatCompany,partner_master,legacy_partner_sc_79DF26DFE05249FCB223B5FB7664DC04
legacy_partner_sc_79F11E80D2B44E27BE57C89D2DFED758,德阳市供水安装工程队,company,1,,,,79F11E80D2B44E27BE57C89D2DFED758,cooperat_company,德阳市供水安装工程队,,,tmp/raw/partner/company.csv:T_Base_CooperatCompany,partner_master,legacy_partner_sc_79F11E80D2B44E27BE57C89D2DFED758
legacy_partner_sc_7A992B600F64487CB75F5CA0E3F73ACD,中江县水土保持办公室,company,1,,,,7A992B600F64487CB75F5CA0E3F73ACD,cooperat_company,中江县水土保持办公室,,,tmp/raw/partner/company.csv:T_Base_CooperatCompany,partner_master,legacy_partner_sc_7A992B600F64487CB75F5CA0E3F73ACD
legacy_partner_sc_7C48150081FF423BB241CEA57B3DCBA5,洛浦县住房和城乡建设局,company,1,,,,7C48150081FF423BB241CEA57B3DCBA5,cooperat_company,洛浦县住房和城乡建设局,,,tmp/raw/partner/company.csv:T_Base_CooperatCompany,partner_master,legacy_partner_sc_7C48150081FF423BB241CEA57B3DCBA5
legacy_partner_sc_7C975FDCED1A4181BAF92C2DEDF24826,四川中烟工业有限责任公司,company,1,,,,7C975FDCED1A4181BAF92C2DEDF24826,cooperat_company,四川中烟工业有限责任公司,,,tmp/raw/partner/company.csv:T_Base_CooperatCompany,partner_master,legacy_partner_sc_7C975FDCED1A4181BAF92C2DEDF24826
legacy_partner_sc_7CF29C31E9BD4591B775C5EA385D97E4,德阳市旌阳区孝感镇和平村村民委员会,company,1,,,,7CF29C31E9BD4591B775C5EA385D97E4,cooperat_company,德阳市旌阳区孝感镇和平村村民委员会,,,tmp/raw/partner/company.csv:T_Base_CooperatCompany,partner_master,legacy_partner_sc_7CF29C31E9BD4591B775C5EA385D97E4
legacy_partner_sc_7E969CB12DFA48C3B0A62BD0529907BF,攀枝花安宁新能源科技有限公司,company,1,,,,7E969CB12DFA48C3B0A62BD0529907BF,cooperat_company,攀枝花安宁新能源科技有限公司,,,tmp/raw/partner/company.csv:T_Base_CooperatCompany,partner_master,legacy_partner_sc_7E969CB12DFA48C3B0A62BD0529907BF
legacy_partner_sc_7a4aa26b2f2f42668043c312a076ab1e,德阳经开区发展（控股）集团有限公司,company,1,,,,7a4aa26b2f2f42668043c312a076ab1e,cooperat_company,德阳经开区发展（控股）集团有限公司,,,tmp/raw/partner/company.csv:T_Base_CooperatCompany,partner_master,legacy_partner_sc_7a4aa26b2f2f42668043c312a076ab1e
legacy_partner_sc_7b311c19fd7e4785a80f82fee5b47773,四川自贡汇东发展股份有限公司,company,1,,,,7b311c19fd7e4785a80f82fee5b47773,cooperat_company,四川自贡汇东发展股份有限公司,,,tmp/raw/partner/company.csv:T_Base_CooperatCompany,partner_master,legacy_partner_sc_7b311c19fd7e4785a80f82fee5b47773
legacy_partner_sc_7ce672292518434bac72c88850ecd357,中国建筑第六工程局有限公司,company,1,,,,7ce672292518434bac72c88850ecd357,cooperat_company,中国建筑第六工程局有限公司,,,tmp/raw/partner/company.csv:T_Base_CooperatCompany,partner_master,legacy_partner_sc_7ce672292518434bac72c88850ecd357
legacy_partner_sc_7d75c257c823410f8c8c2d1425d9cb9d,德昌县巴洞镇人民政府,company,1,,,,7d75c257c823410f8c8c2d1425d9cb9d,cooperat_company,德昌县巴洞镇人民政府,,,tmp/raw/partner/company.csv:T_Base_CooperatCompany,partner_master,legacy_partner_sc_7d75c257c823410f8c8c2d1425d9cb9d
legacy_partner_sc_7fa382506c3046faa9a5806318dba2e4,都兰县水利局,company,1,,,,7fa382506c3046faa9a5806318dba2e4,cooperat_company,都兰县水利局,,,tmp/raw/partner/company.csv:T_Base_CooperatCompany,partner_master,legacy_partner_sc_7fa382506c3046faa9a5806318dba2e4
legacy_partner_sc_8019d3289465482eb92a8d4c2415bf67,四川建筑职业技术学院,company,1,,,,8019d3289465482eb92a8d4c2415bf67,cooperat_company,四川建筑职业技术学院,,,tmp/raw/partner/company.csv:T_Base_CooperatCompany,partner_master,legacy_partner_sc_8019d3289465482eb92a8d4c2415bf67
legacy_partner_sc_8102955d449748f7b65a62d35a7d8ed4,中国电信股份有限公司德阳分公司,company,1,,,,8102955d449748f7b65a62d35a7d8ed4,cooperat_company,中国电信股份有限公司德阳分公司,,,tmp/raw/partner/company.csv:T_Base_CooperatCompany,partner_master,legacy_partner_sc_8102955d449748f7b65a62d35a7d8ed4
legacy_partner_sc_833f0d3cb9de42d787c936748c9370b0,遂宁市安居区农业农村局,company,1,,,,833f0d3cb9de42d787c936748c9370b0,cooperat_company,遂宁市安居区农业农村局,,,tmp/raw/partner/company.csv:T_Base_CooperatCompany,partner_master,legacy_partner_sc_833f0d3cb9de42d787c936748c9370b0
legacy_partner_sc_8379780ff57f4edcb8683ac026afdb1e,德阳国信建设工程有限公司,company,1,,,,8379780ff57f4edcb8683ac026afdb1e,cooperat_company,德阳国信建设工程有限公司,,,tmp/raw/partner/company.csv:T_Base_CooperatCompany,partner_master,legacy_partner_sc_8379780ff57f4edcb8683ac026afdb1e
legacy_partner_sc_83B4499694DB42769BAEDBF691FB0D62,米易恒邦领晟置业有限公司,company,1,,,,83B4499694DB42769BAEDBF691FB0D62,cooperat_company,米易恒邦领晟置业有限公司,,,tmp/raw/partner/company.csv:T_Base_CooperatCompany,partner_master,legacy_partner_sc_83B4499694DB42769BAEDBF691FB0D62
legacy_partner_sc_840C13AEDE5E4CF392C157701066B95E,中国移动通信集团四川有限公司南充分公司,company,1,,,,840C13AEDE5E4CF392C157701066B95E,cooperat_company,中国移动通信集团四川有限公司南充分公司,,,tmp/raw/partner/company.csv:T_Base_CooperatCompany,partner_master,legacy_partner_sc_840C13AEDE5E4CF392C157701066B95E
legacy_partner_sc_84684fc3719f4374b7c8f75987d166d2,布拖县农业投资有限责任公司,company,1,,,,84684fc3719f4374b7c8f75987d166d2,cooperat_company,布拖县农业投资有限责任公司,,,tmp/raw/partner/company.csv:T_Base_CooperatCompany,partner_master,legacy_partner_sc_84684fc3719f4374b7c8f75987d166d2
legacy_partner_sc_858F0CED8D424DB985154C5EDC30B1C5,中石油煤层气有限责任公司新疆项目经理部,company,1,,,,858F0CED8D424DB985154C5EDC30B1C5,cooperat_company,中石油煤层气有限责任公司新疆项目经理部,,,tmp/raw/partner/company.csv:T_Base_CooperatCompany,partner_master,legacy_partner_sc_858F0CED8D424DB985154C5EDC30B1C5
legacy_partner_sc_8762154C8EF4436D97C47988192D417B,青海金世纪工程项目管理有限公司,company,1,,,,8762154C8EF4436D97C47988192D417B,cooperat_company,青海金世纪工程项目管理有限公司,,,tmp/raw/partner/company.csv:T_Base_CooperatCompany,partner_master,legacy_partner_sc_8762154C8EF4436D97C47988192D417B
legacy_partner_sc_89378D9C8861488783344CFCB5E7392A,成都市郫都区人民政府安德街道办事处,company,1,,,,89378D9C8861488783344CFCB5E7392A,cooperat_company,成都市郫都区人民政府安德街道办事处,,,tmp/raw/partner/company.csv:T_Base_CooperatCompany,partner_master,legacy_partner_sc_89378D9C8861488783344CFCB5E7392A
legacy_partner_sc_8A3E2F0D1A8F439292E68E84738AF155,重庆市铜梁区二坪镇人民政府,company,1,,,,8A3E2F0D1A8F439292E68E84738AF155,cooperat_company,重庆市铜梁区二坪镇人民政府,,,tmp/raw/partner/company.csv:T_Base_CooperatCompany,partner_master,legacy_partner_sc_8A3E2F0D1A8F439292E68E84738AF155
legacy_partner_sc_8A7CA37FD82D451881660F2AECD0F5AB,中国人民武装警察部队德阳支队,company,1,,,,8A7CA37FD82D451881660F2AECD0F5AB,cooperat_company,中国人民武装警察部队德阳支队,,,tmp/raw/partner/company.csv:T_Base_CooperatCompany,partner_master,legacy_partner_sc_8A7CA37FD82D451881660F2AECD0F5AB
legacy_partner_sc_8ADBC72F2FE849B4A2DAEDB3B817D12C,德阳二重新业建筑工程有限责任公司,company,1,,,,8ADBC72F2FE849B4A2DAEDB3B817D12C,cooperat_company,德阳二重新业建筑工程有限责任公司,,,tmp/raw/partner/company.csv:T_Base_CooperatCompany,partner_master,legacy_partner_sc_8ADBC72F2FE849B4A2DAEDB3B817D12C
legacy_partner_sc_8E76C8510B4F4613BAB1F8384C6B599F,德阳市旌阳区人民政府天元街道办事处,company,1,,,,8E76C8510B4F4613BAB1F8384C6B599F,cooperat_company,德阳市旌阳区人民政府天元街道办事处,,,tmp/raw/partner/company.csv:T_Base_CooperatCompany,partner_master,legacy_partner_sc_8E76C8510B4F4613BAB1F8384C6B599F
legacy_partner_sc_8ee477a2e5ff49ab9d18a361f89df2ed,德阳市罗江区自来水公司,company,1,,,,8ee477a2e5ff49ab9d18a361f89df2ed,cooperat_company,德阳市罗江区自来水公司,,,tmp/raw/partner/company.csv:T_Base_CooperatCompany,partner_master,legacy_partner_sc_8ee477a2e5ff49ab9d18a361f89df2ed
legacy_partner_sc_9068AF324EFF4044A5054E35322B5BF9,中国移动通信集团四川有限公司雅安分公司,company,1,,,,9068AF324EFF4044A5054E35322B5BF9,cooperat_company,中国移动通信集团四川有限公司雅安分公司,,,tmp/raw/partner/company.csv:T_Base_CooperatCompany,partner_master,legacy_partner_sc_9068AF324EFF4044A5054E35322B5BF9
legacy_partner_sc_906d8d2007a5412fa25e9b3b8fa72089,德阳市潺亭水务有限公司,company,1,,,,906d8d2007a5412fa25e9b3b8fa72089,cooperat_company,德阳市潺亭水务有限公司,,,tmp/raw/partner/company.csv:T_Base_CooperatCompany,partner_master,legacy_partner_sc_906d8d2007a5412fa25e9b3b8fa72089
legacy_partner_sc_92AAC307BDC846EF8E888CA5DB74A488,德阳市市政工程维护管理处,company,1,,,,92AAC307BDC846EF8E888CA5DB74A488,cooperat_company,德阳市市政工程维护管理处,,,tmp/raw/partner/company.csv:T_Base_CooperatCompany,partner_master,legacy_partner_sc_92AAC307BDC846EF8E888CA5DB74A488
legacy_partner_sc_92BBA7EB03E74D50BDB009E1F2B5946B,什邡市公安消防大队,company,1,,,,92BBA7EB03E74D50BDB009E1F2B5946B,cooperat_company,什邡市公安消防大队,,,tmp/raw/partner/company.csv:T_Base_CooperatCompany,partner_master,legacy_partner_sc_92BBA7EB03E74D50BDB009E1F2B5946B
legacy_partner_sc_93E4EAA3B631441A8ABB1B75A65DBBC0,玖龙纸业（重庆）有限公司,company,1,,,,93E4EAA3B631441A8ABB1B75A65DBBC0,cooperat_company,玖龙纸业（重庆）有限公司,,,tmp/raw/partner/company.csv:T_Base_CooperatCompany,partner_master,legacy_partner_sc_93E4EAA3B631441A8ABB1B75A65DBBC0
legacy_partner_sc_9423f1bf60cd49a4b78298d9db2e97e8,西藏拉萨市城关区两岛街道办事处,company,1,,,,9423f1bf60cd49a4b78298d9db2e97e8,cooperat_company,西藏拉萨市城关区两岛街道办事处,,,tmp/raw/partner/company.csv:T_Base_CooperatCompany,partner_master,legacy_partner_sc_9423f1bf60cd49a4b78298d9db2e97e8
legacy_partner_sc_94AAE0796DCA4E50B655986B6F69161F,国网四川省电力公司德阳供电公司工会委员会,company,1,,,,94AAE0796DCA4E50B655986B6F69161F,cooperat_company,国网四川省电力公司德阳供电公司工会委员会,,,tmp/raw/partner/company.csv:T_Base_CooperatCompany,partner_master,legacy_partner_sc_94AAE0796DCA4E50B655986B6F69161F
legacy_partner_sc_94bb2e78e6dd4eccba991f27319a2c20,德阳旌信物业服务股份有限公司,company,1,,,,94bb2e78e6dd4eccba991f27319a2c20,cooperat_company,德阳旌信物业服务股份有限公司,,,tmp/raw/partner/company.csv:T_Base_CooperatCompany,partner_master,legacy_partner_sc_94bb2e78e6dd4eccba991f27319a2c20
legacy_partner_sc_953930b5888c4b9d9eb17da1979a6146,西藏浪卡子县农业农村局零余额账户,company,1,,,,953930b5888c4b9d9eb17da1979a6146,cooperat_company,西藏浪卡子县农业农村局零余额账户,,,tmp/raw/partner/company.csv:T_Base_CooperatCompany,partner_master,legacy_partner_sc_953930b5888c4b9d9eb17da1979a6146
legacy_partner_sc_96E75AB408C6496C95B85631038F0297,德阳市水韵江南居住小区业委会,company,1,,,,96E75AB408C6496C95B85631038F0297,cooperat_company,德阳市水韵江南居住小区业委会,,,tmp/raw/partner/company.csv:T_Base_CooperatCompany,partner_master,legacy_partner_sc_96E75AB408C6496C95B85631038F0297
legacy_partner_sc_99349CBADF61422A80D5B0B2CCC5E9AD,德阳市旌阳区黄许镇卫生院,company,1,,,,99349CBADF61422A80D5B0B2CCC5E9AD,cooperat_company,德阳市旌阳区黄许镇卫生院,,,tmp/raw/partner/company.csv:T_Base_CooperatCompany,partner_master,legacy_partner_sc_99349CBADF61422A80D5B0B2CCC5E9AD
legacy_partner_sc_99FEFF0D25CD493C937428D4E083A711,德阳市旌阳区实验幼儿园,company,1,,,,99FEFF0D25CD493C937428D4E083A711,cooperat_company,德阳市旌阳区实验幼儿园,,,tmp/raw/partner/company.csv:T_Base_CooperatCompany,partner_master,legacy_partner_sc_99FEFF0D25CD493C937428D4E083A711
legacy_partner_sc_9B1F22E21F184350A60ACA8D05A7050E,四川豪特设备有限公司,company,1,,,,9B1F22E21F184350A60ACA8D05A7050E,cooperat_company,四川豪特设备有限公司,,,tmp/raw/partner/company.csv:T_Base_CooperatCompany,partner_master,legacy_partner_sc_9B1F22E21F184350A60ACA8D05A7050E
legacy_partner_sc_9B581193F61B4416A9553DEAF85B29B8,中国移动通信集团有限公司乐山分公司,company,1,,,,9B581193F61B4416A9553DEAF85B29B8,cooperat_company,中国移动通信集团有限公司乐山分公司,,,tmp/raw/partner/company.csv:T_Base_CooperatCompany,partner_master,legacy_partner_sc_9B581193F61B4416A9553DEAF85B29B8
legacy_partner_sc_9D1DEAFCBB2D410185C657F95D399C19,中国核工业中原建设有限公司,company,1,,,,9D1DEAFCBB2D410185C657F95D399C19,cooperat_company,中国核工业中原建设有限公司,,,tmp/raw/partner/company.csv:T_Base_CooperatCompany,partner_master,legacy_partner_sc_9D1DEAFCBB2D410185C657F95D399C19
legacy_partner_sc_9D6B41A957AE4B89A5C371493F46FFE6,二重集团（德阳）精衡传动设备有限公司,company,1,,,,9D6B41A957AE4B89A5C371493F46FFE6,cooperat_company,二重集团（德阳）精衡传动设备有限公司,,,tmp/raw/partner/company.csv:T_Base_CooperatCompany,partner_master,legacy_partner_sc_9D6B41A957AE4B89A5C371493F46FFE6
legacy_partner_sc_9E2706663D884F908162D738EED275E5,德阳蓉北建设工程有限公司,company,1,,,,9E2706663D884F908162D738EED275E5,cooperat_company,德阳蓉北建设工程有限公司,,,tmp/raw/partner/company.csv:T_Base_CooperatCompany,partner_master,legacy_partner_sc_9E2706663D884F908162D738EED275E5
legacy_partner_sc_9EBEBD05FDAC4BC0BB6F717BFBECB9D1,中国人民解放军四川省德阳市旌阳区人民武装部,company,1,,,,9EBEBD05FDAC4BC0BB6F717BFBECB9D1,cooperat_company,中国人民解放军四川省德阳市旌阳区人民武装部,,,tmp/raw/partner/company.csv:T_Base_CooperatCompany,partner_master,legacy_partner_sc_9EBEBD05FDAC4BC0BB6F717BFBECB9D1
legacy_partner_sc_9a78bc4634f7459b9bb1f730a17565d5,德阳市生态环境局,company,1,,,,9a78bc4634f7459b9bb1f730a17565d5,cooperat_company,德阳市生态环境局,,,tmp/raw/partner/company.csv:T_Base_CooperatCompany,partner_master,legacy_partner_sc_9a78bc4634f7459b9bb1f730a17565d5
legacy_partner_sc_9ce2fe5f78104636b562a30e5dffa180,德阳市罗江区农业农村局,company,1,,,,9ce2fe5f78104636b562a30e5dffa180,cooperat_company,德阳市罗江区农业农村局,,,tmp/raw/partner/company.csv:T_Base_CooperatCompany,partner_master,legacy_partner_sc_9ce2fe5f78104636b562a30e5dffa180
legacy_partner_sc_9d04bff9ac15462e98252a7916b0e505,中铁十八局集团有限公司,company,1,,,,9d04bff9ac15462e98252a7916b0e505,cooperat_company,中铁十八局集团有限公司,,,tmp/raw/partner/company.csv:T_Base_CooperatCompany,partner_master,legacy_partner_sc_9d04bff9ac15462e98252a7916b0e505
legacy_partner_sc_9dfda9741955462f9e21e44c64f9b6aa,四川高竹工程建设有限公司,company,1,,,,9dfda9741955462f9e21e44c64f9b6aa,cooperat_company,四川高竹工程建设有限公司,,,tmp/raw/partner/company.csv:T_Base_CooperatCompany,partner_master,legacy_partner_sc_9dfda9741955462f9e21e44c64f9b6aa
legacy_partner_sc_9fac20c219f14bcc9de9b95838a5f0ff,西藏华泰龙矿业开发有限公司,company,1,,,,9fac20c219f14bcc9de9b95838a5f0ff,cooperat_company,西藏华泰龙矿业开发有限公司,,,tmp/raw/partner/company.csv:T_Base_CooperatCompany,partner_master,legacy_partner_sc_9fac20c219f14bcc9de9b95838a5f0ff
legacy_partner_sc_A0FABF68EF6E4579A22E70844AE02979,中国民用航空飞行学院,company,1,,,,A0FABF68EF6E4579A22E70844AE02979,cooperat_company,中国民用航空飞行学院,,,tmp/raw/partner/company.csv:T_Base_CooperatCompany,partner_master,legacy_partner_sc_A0FABF68EF6E4579A22E70844AE02979
legacy_partner_sc_A2A8EC396F43489AA29000A0CF431BFE,苍溪县农业农村局,company,1,,,,A2A8EC396F43489AA29000A0CF431BFE,cooperat_company,苍溪县农业农村局,,,tmp/raw/partner/company.csv:T_Base_CooperatCompany,partner_master,legacy_partner_sc_A2A8EC396F43489AA29000A0CF431BFE
legacy_partner_sc_A621669DCCE4480FA7EC6266F25B441E,德阳市罗江区社会救助福利中心,company,1,,,,A621669DCCE4480FA7EC6266F25B441E,cooperat_company,德阳市罗江区社会救助福利中心,,,tmp/raw/partner/company.csv:T_Base_CooperatCompany,partner_master,legacy_partner_sc_A621669DCCE4480FA7EC6266F25B441E
legacy_partner_sc_A62A0C75189F4F38BC81407AFCDDA065,旌阳区天元街道楠树村股份经济合作联合社,company,1,,,,A62A0C75189F4F38BC81407AFCDDA065,cooperat_company,旌阳区天元街道楠树村股份经济合作联合社,,,tmp/raw/partner/company.csv:T_Base_CooperatCompany,partner_master,legacy_partner_sc_A62A0C75189F4F38BC81407AFCDDA065
legacy_partner_sc_A9DBA3704B674D39B794A9EF25A9322D,德阳市旌阳区八角井镇卫生院,company,1,,,,A9DBA3704B674D39B794A9EF25A9322D,cooperat_company,德阳市旌阳区八角井镇卫生院,,,tmp/raw/partner/company.csv:T_Base_CooperatCompany,partner_master,legacy_partner_sc_A9DBA3704B674D39B794A9EF25A9322D
legacy_partner_sc_AA5D2693CCBE4A8480BACCDB9326FBDD,重庆市永川区何埂镇何埂小学校,company,1,,,,AA5D2693CCBE4A8480BACCDB9326FBDD,cooperat_company,重庆市永川区何埂镇何埂小学校,,,tmp/raw/partner/company.csv:T_Base_CooperatCompany,partner_master,legacy_partner_sc_AA5D2693CCBE4A8480BACCDB9326FBDD
legacy_partner_sc_AE38EB995C8C4C3E81CB9BB5FA3F79CE,重庆市茶园工业园区建设开发有限责任公司,company,1,,,,AE38EB995C8C4C3E81CB9BB5FA3F79CE,cooperat_company,重庆市茶园工业园区建设开发有限责任公司,,,tmp/raw/partner/company.csv:T_Base_CooperatCompany,partner_master,legacy_partner_sc_AE38EB995C8C4C3E81CB9BB5FA3F79CE
legacy_partner_sc_B17ADBE7062041959703E9961E4FBD9A,四川宏大建筑工程有限公司,company,1,,,,B17ADBE7062041959703E9961E4FBD9A,cooperat_company,四川宏大建筑工程有限公司,,,tmp/raw/partner/company.csv:T_Base_CooperatCompany,partner_master,legacy_partner_sc_B17ADBE7062041959703E9961E4FBD9A
legacy_partner_sc_B626B00FAAE44A94B194E0662903B49B,中国移动通信集团有限公司四川巴中分公司,company,1,,,,B626B00FAAE44A94B194E0662903B49B,cooperat_company,中国移动通信集团有限公司四川巴中分公司,,,tmp/raw/partner/company.csv:T_Base_CooperatCompany,partner_master,legacy_partner_sc_B626B00FAAE44A94B194E0662903B49B
legacy_partner_sc_B693A65E3FA24EF9B3BF125FFB709A4E,中国移动通信集团四川有限公司德阳分公司,company,1,,,,B693A65E3FA24EF9B3BF125FFB709A4E,cooperat_company,中国移动通信集团四川有限公司德阳分公司,,,tmp/raw/partner/company.csv:T_Base_CooperatCompany,partner_master,legacy_partner_sc_B693A65E3FA24EF9B3BF125FFB709A4E
legacy_partner_sc_B8C420D19331494FA7CD7F58DFCF7034,重庆市南岸区人民政府花园路街道办事处,company,1,,,,B8C420D19331494FA7CD7F58DFCF7034,cooperat_company,重庆市南岸区人民政府花园路街道办事处,,,tmp/raw/partner/company.csv:T_Base_CooperatCompany,partner_master,legacy_partner_sc_B8C420D19331494FA7CD7F58DFCF7034
legacy_partner_sc_B8DE79C91F004B8F927D51B644DE254C,德阳市城市管理行政执法局,company,1,,,,B8DE79C91F004B8F927D51B644DE254C,cooperat_company,德阳市城市管理行政执法局,,,tmp/raw/partner/company.csv:T_Base_CooperatCompany,partner_master,legacy_partner_sc_B8DE79C91F004B8F927D51B644DE254C
legacy_partner_sc_B94A97DA4D524F16AC2D8AC505670885,射洪县农业服务中心,company,1,,,,B94A97DA4D524F16AC2D8AC505670885,cooperat_company,射洪县农业服务中心,,,tmp/raw/partner/company.csv:T_Base_CooperatCompany,partner_master,legacy_partner_sc_B94A97DA4D524F16AC2D8AC505670885
legacy_partner_sc_BAC96214F0CC419C983C1A444A7F95FD,广汉市水务局,company,1,,,,BAC96214F0CC419C983C1A444A7F95FD,cooperat_company,广汉市水务局,,,tmp/raw/partner/company.csv:T_Base_CooperatCompany,partner_master,legacy_partner_sc_BAC96214F0CC419C983C1A444A7F95FD
legacy_partner_sc_BAE28247C86F481796E601848DE6565C,重庆国隆农业科技发展有限公司,company,1,,,,BAE28247C86F481796E601848DE6565C,cooperat_company,重庆国隆农业科技发展有限公司,,,tmp/raw/partner/company.csv:T_Base_CooperatCompany,partner_master,legacy_partner_sc_BAE28247C86F481796E601848DE6565C
legacy_partner_sc_BB7F9D0186ED4C389CBFE673244D0C23,苍溪县双合盛建设工程有限公司,company,1,,,,BB7F9D0186ED4C389CBFE673244D0C23,cooperat_company,苍溪县双合盛建设工程有限公司,,,tmp/raw/partner/company.csv:T_Base_CooperatCompany,partner_master,legacy_partner_sc_BB7F9D0186ED4C389CBFE673244D0C23
legacy_partner_sc_BC479EED8D8B4B3485D9309AE05265AF,中国移动通信集团四川有限公司成都分公司,company,1,,,,BC479EED8D8B4B3485D9309AE05265AF,cooperat_company,中国移动通信集团四川有限公司成都分公司,,,tmp/raw/partner/company.csv:T_Base_CooperatCompany,partner_master,legacy_partner_sc_BC479EED8D8B4B3485D9309AE05265AF
legacy_partner_sc_BC92860E41CF4B4C8B7123C0C2481230,什邡市社会福利救助中心,company,1,,,,BC92860E41CF4B4C8B7123C0C2481230,cooperat_company,什邡市社会福利救助中心,,,tmp/raw/partner/company.csv:T_Base_CooperatCompany,partner_master,legacy_partner_sc_BC92860E41CF4B4C8B7123C0C2481230
legacy_partner_sc_C0D75F520DE543C690CE8D9E105447DA,中国华西企业股份有限公司,company,1,,,,C0D75F520DE543C690CE8D9E105447DA,cooperat_company,中国华西企业股份有限公司,,,tmp/raw/partner/company.csv:T_Base_CooperatCompany,partner_master,legacy_partner_sc_C0D75F520DE543C690CE8D9E105447DA
legacy_partner_sc_C0E0B1C4E7B4445781CBBC0F55E3F5E7,重庆市南开两江中学校,company,1,,,,C0E0B1C4E7B4445781CBBC0F55E3F5E7,cooperat_company,重庆市南开两江中学校,,,tmp/raw/partner/company.csv:T_Base_CooperatCompany,partner_master,legacy_partner_sc_C0E0B1C4E7B4445781CBBC0F55E3F5E7
legacy_partner_sc_C41F0CB325414297AEE85C1C7809E6C8,中建八局第一建设有限公司,company,1,,,,C41F0CB325414297AEE85C1C7809E6C8,cooperat_company,中建八局第一建设有限公司,,,tmp/raw/partner/company.csv:T_Base_CooperatCompany,partner_master,legacy_partner_sc_C41F0CB325414297AEE85C1C7809E6C8
legacy_partner_sc_C4607CDAFBA646C3943BFCE3E549DDA1,四川富祥建筑工程有限公司,company,1,,,,C4607CDAFBA646C3943BFCE3E549DDA1,cooperat_company,四川富祥建筑工程有限公司,,,tmp/raw/partner/company.csv:T_Base_CooperatCompany,partner_master,legacy_partner_sc_C4607CDAFBA646C3943BFCE3E549DDA1
legacy_partner_sc_C6421AAE919F46AF922232E140161FCD,米易龙信房地产开发有限责任公司,company,1,,,,C6421AAE919F46AF922232E140161FCD,cooperat_company,米易龙信房地产开发有限责任公司,,,tmp/raw/partner/company.csv:T_Base_CooperatCompany,partner_master,legacy_partner_sc_C6421AAE919F46AF922232E140161FCD
legacy_partner_sc_C73B5808228B49DC9DE0BB66013C589B,四川省玻纤集团有限公司,company,1,,,,C73B5808228B49DC9DE0BB66013C589B,cooperat_company,四川省玻纤集团有限公司,,,tmp/raw/partner/company.csv:T_Base_CooperatCompany,partner_master,legacy_partner_sc_C73B5808228B49DC9DE0BB66013C589B
legacy_partner_sc_C8E48F3E40A840C3BF23E99F060F36D6,中国共产党德阳市旌阳区委员办公室,company,1,,,,C8E48F3E40A840C3BF23E99F060F36D6,cooperat_company,中国共产党德阳市旌阳区委员办公室,,,tmp/raw/partner/company.csv:T_Base_CooperatCompany,partner_master,legacy_partner_sc_C8E48F3E40A840C3BF23E99F060F36D6
legacy_partner_sc_C96E4454CD904B2D861B87AC02C762E5,重庆市铜梁区永嘉镇人民政府,company,1,,,,C96E4454CD904B2D861B87AC02C762E5,cooperat_company,重庆市铜梁区永嘉镇人民政府,,,tmp/raw/partner/company.csv:T_Base_CooperatCompany,partner_master,legacy_partner_sc_C96E4454CD904B2D861B87AC02C762E5
legacy_partner_sc_CA1787B3C4FA47AE9092722F2E9673B3,中国移动通信集团四川有限公司广元分公司,company,1,,,,CA1787B3C4FA47AE9092722F2E9673B3,cooperat_company,中国移动通信集团四川有限公司广元分公司,,,tmp/raw/partner/company.csv:T_Base_CooperatCompany,partner_master,legacy_partner_sc_CA1787B3C4FA47AE9092722F2E9673B3
legacy_partner_sc_CB4AAAC8842546F1893514E6B1B96FA8,广汉市城乡建设发展有限公司,company,1,,,,CB4AAAC8842546F1893514E6B1B96FA8,cooperat_company,广汉市城乡建设发展有限公司,,,tmp/raw/partner/company.csv:T_Base_CooperatCompany,partner_master,legacy_partner_sc_CB4AAAC8842546F1893514E6B1B96FA8
legacy_partner_sc_CBB3F3A4E6C64C23A1B17C68AE75D72C,四川工程职业技术学院,company,1,,,,CBB3F3A4E6C64C23A1B17C68AE75D72C,cooperat_company,四川工程职业技术学院,,,tmp/raw/partner/company.csv:T_Base_CooperatCompany,partner_master,legacy_partner_sc_CBB3F3A4E6C64C23A1B17C68AE75D72C
legacy_partner_sc_CBC94319FAEB447A8CE929758CF66DE3,广汉市文化体育中心,company,1,,,,CBC94319FAEB447A8CE929758CF66DE3,cooperat_company,广汉市文化体育中心,,,tmp/raw/partner/company.csv:T_Base_CooperatCompany,partner_master,legacy_partner_sc_CBC94319FAEB447A8CE929758CF66DE3
legacy_partner_sc_CC5503A519E14123A6E9AEF7B4F2E04A,剑阁县水利工程建设管理总站,company,1,,,,CC5503A519E14123A6E9AEF7B4F2E04A,cooperat_company,剑阁县水利工程建设管理总站,,,tmp/raw/partner/company.csv:T_Base_CooperatCompany,partner_master,legacy_partner_sc_CC5503A519E14123A6E9AEF7B4F2E04A
legacy_partner_sc_CCA6FED9457D4A5EB0A230172F25E145,四川曜道杰建筑工程有限公司,company,1,,,,CCA6FED9457D4A5EB0A230172F25E145,cooperat_company,四川曜道杰建筑工程有限公司,,,tmp/raw/partner/company.csv:T_Base_CooperatCompany,partner_master,legacy_partner_sc_CCA6FED9457D4A5EB0A230172F25E145
legacy_partner_sc_D0352FF615FF4B0F961CBB71DB87BD03,四川山水美地农业投资有限公司,company,1,,,,D0352FF615FF4B0F961CBB71DB87BD03,cooperat_company,四川山水美地农业投资有限公司,,,tmp/raw/partner/company.csv:T_Base_CooperatCompany,partner_master,legacy_partner_sc_D0352FF615FF4B0F961CBB71DB87BD03
legacy_partner_sc_D1C685AE296943F1A7A5F31202CADF2F,四川省烟草公司宜宾市公司,company,1,,,,D1C685AE296943F1A7A5F31202CADF2F,cooperat_company,四川省烟草公司宜宾市公司,,,tmp/raw/partner/company.csv:T_Base_CooperatCompany,partner_master,legacy_partner_sc_D1C685AE296943F1A7A5F31202CADF2F
legacy_partner_sc_D259770DB26C496AA39DD991F2914A21,德阳市旌阳区公路建设投资开发管理所,company,1,,,,D259770DB26C496AA39DD991F2914A21,cooperat_company,德阳市旌阳区公路建设投资开发管理所,,,tmp/raw/partner/company.csv:T_Base_CooperatCompany,partner_master,legacy_partner_sc_D259770DB26C496AA39DD991F2914A21
legacy_partner_sc_D4AB82718D4A4E9286FF9EB524AA5F1A,剑阁县文化旅游和体育局,company,1,,,,D4AB82718D4A4E9286FF9EB524AA5F1A,cooperat_company,剑阁县文化旅游和体育局,,,tmp/raw/partner/company.csv:T_Base_CooperatCompany,partner_master,legacy_partner_sc_D4AB82718D4A4E9286FF9EB524AA5F1A
legacy_partner_sc_D4D8895914EC4243871921673120F3CA,达州发展（控股）有限责任公司,company,1,,,,D4D8895914EC4243871921673120F3CA,cooperat_company,达州发展（控股）有限责任公司,,,tmp/raw/partner/company.csv:T_Base_CooperatCompany,partner_master,legacy_partner_sc_D4D8895914EC4243871921673120F3CA
legacy_partner_sc_D4EA15F2B36743EE990B9A417A3EB7F3,德阳禾立办公有限公司,company,1,,,,D4EA15F2B36743EE990B9A417A3EB7F3,cooperat_company,德阳禾立办公有限公司,,,tmp/raw/partner/company.csv:T_Base_CooperatCompany,partner_master,legacy_partner_sc_D4EA15F2B36743EE990B9A417A3EB7F3
legacy_partner_sc_D50A936894134CFA81DF5B0B09A003D1,中江县联合镇中心学校,company,1,,,,D50A936894134CFA81DF5B0B09A003D1,cooperat_company,中江县联合镇中心学校,,,tmp/raw/partner/company.csv:T_Base_CooperatCompany,partner_master,legacy_partner_sc_D50A936894134CFA81DF5B0B09A003D1
legacy_partner_sc_D742B604386E44E7AC87FB5CA8904D14,成都市龙泉驿区洪安镇人民政府,company,1,,,,D742B604386E44E7AC87FB5CA8904D14,cooperat_company,成都市龙泉驿区洪安镇人民政府,,,tmp/raw/partner/company.csv:T_Base_CooperatCompany,partner_master,legacy_partner_sc_D742B604386E44E7AC87FB5CA8904D14
legacy_partner_sc_D93116B7B10342E8BE832AE47365AFDB,中国共产党德阳市旌阳区纪律检查委员会,company,1,,,,D93116B7B10342E8BE832AE47365AFDB,cooperat_company,中国共产党德阳市旌阳区纪律检查委员会,,,tmp/raw/partner/company.csv:T_Base_CooperatCompany,partner_master,legacy_partner_sc_D93116B7B10342E8BE832AE47365AFDB
legacy_partner_sc_DA014781E1284087A82F6DC1BE1FC884,德阳一刻钟健康养老服务有限公司,company,1,,,,DA014781E1284087A82F6DC1BE1FC884,cooperat_company,德阳一刻钟健康养老服务有限公司,,,tmp/raw/partner/company.csv:T_Base_CooperatCompany,partner_master,legacy_partner_sc_DA014781E1284087A82F6DC1BE1FC884
legacy_partner_sc_DA6009D0F9174226AAE32CD7FC074150,德阳新城亿博房地产开发有限公司,company,1,,,,DA6009D0F9174226AAE32CD7FC074150,cooperat_company,德阳新城亿博房地产开发有限公司,,,tmp/raw/partner/company.csv:T_Base_CooperatCompany,partner_master,legacy_partner_sc_DA6009D0F9174226AAE32CD7FC074150
legacy_partner_sc_DC2E90C04254434BB642D5D0F165D27A,中国工程物理研究所电子工程研究所,company,1,,,,DC2E90C04254434BB642D5D0F165D27A,cooperat_company,中国工程物理研究所电子工程研究所,,,tmp/raw/partner/company.csv:T_Base_CooperatCompany,partner_master,legacy_partner_sc_DC2E90C04254434BB642D5D0F165D27A
legacy_partner_sc_DCA81160DABD4E5498CA567CAEC08BB5,中石化西南石油工程有限公司四川钻井分公司,company,1,,,,DCA81160DABD4E5498CA567CAEC08BB5,cooperat_company,中石化西南石油工程有限公司四川钻井分公司,,,tmp/raw/partner/company.csv:T_Base_CooperatCompany,partner_master,legacy_partner_sc_DCA81160DABD4E5498CA567CAEC08BB5
legacy_partner_sc_DEED2F9499C04CE786FA70EF9FDA91CE,重庆市铜梁区太平镇人民政府,company,1,,,,DEED2F9499C04CE786FA70EF9FDA91CE,cooperat_company,重庆市铜梁区太平镇人民政府,,,tmp/raw/partner/company.csv:T_Base_CooperatCompany,partner_master,legacy_partner_sc_DEED2F9499C04CE786FA70EF9FDA91CE
legacy_partner_sc_E44D558ACEF6409C8680D5DE87D31710,德阳市罗江区综合行政执法局,company,1,,,,E44D558ACEF6409C8680D5DE87D31710,cooperat_company,德阳市罗江区综合行政执法局,,,tmp/raw/partner/company.csv:T_Base_CooperatCompany,partner_master,legacy_partner_sc_E44D558ACEF6409C8680D5DE87D31710
legacy_partner_sc_E5C471B8007B4F9481863EE6FE1A4372,四川新众建筑加固工程有限公司,company,1,,,,E5C471B8007B4F9481863EE6FE1A4372,cooperat_company,四川新众建筑加固工程有限公司,,,tmp/raw/partner/company.csv:T_Base_CooperatCompany,partner_master,legacy_partner_sc_E5C471B8007B4F9481863EE6FE1A4372
legacy_partner_sc_E64398348677402EAEC166387EED0ADB,布拖县 火烈乡（镇）人民政府,company,1,,,,E64398348677402EAEC166387EED0ADB,cooperat_company,布拖县 火烈乡（镇）人民政府,,,tmp/raw/partner/company.csv:T_Base_CooperatCompany,partner_master,legacy_partner_sc_E64398348677402EAEC166387EED0ADB
legacy_partner_sc_E761D25EBB404B95A754AC023D70D3A3,中国建筑第四工程局有限公司,company,1,,,,E761D25EBB404B95A754AC023D70D3A3,cooperat_company,中国建筑第四工程局有限公司,,,tmp/raw/partner/company.csv:T_Base_CooperatCompany,partner_master,legacy_partner_sc_E761D25EBB404B95A754AC023D70D3A3
legacy_partner_sc_E79565AD944A484CBA17A88B47088431,四川广汉火车站省粮食储备库,company,1,,,,E79565AD944A484CBA17A88B47088431,cooperat_company,四川广汉火车站省粮食储备库,,,tmp/raw/partner/company.csv:T_Base_CooperatCompany,partner_master,legacy_partner_sc_E79565AD944A484CBA17A88B47088431
legacy_partner_sc_E88B1F6779D1499BBF89764300C26A9A,德阳经济技术开发区重点工程建设中心,company,1,,,,E88B1F6779D1499BBF89764300C26A9A,cooperat_company,德阳经济技术开发区重点工程建设中心,,,tmp/raw/partner/company.csv:T_Base_CooperatCompany,partner_master,legacy_partner_sc_E88B1F6779D1499BBF89764300C26A9A
legacy_partner_sc_EAA64A1C819C4EC3A48318CB1D4F60FC,德阳市弘扬舒苑置业有限公司,company,1,,,,EAA64A1C819C4EC3A48318CB1D4F60FC,cooperat_company,德阳市弘扬舒苑置业有限公司,,,tmp/raw/partner/company.csv:T_Base_CooperatCompany,partner_master,legacy_partner_sc_EAA64A1C819C4EC3A48318CB1D4F60FC
legacy_partner_sc_EAFF596A8091490C86F51C961FD3BB49,绵阳科技城新区博雅学校,company,1,,,,EAFF596A8091490C86F51C961FD3BB49,cooperat_company,绵阳科技城新区博雅学校,,,tmp/raw/partner/company.csv:T_Base_CooperatCompany,partner_master,legacy_partner_sc_EAFF596A8091490C86F51C961FD3BB49
legacy_partner_sc_EC8BA0267C2847CAB17E134499A55B9C,西藏自治区人民政府驻格尔木办事处医院,company,1,,,,EC8BA0267C2847CAB17E134499A55B9C,cooperat_company,西藏自治区人民政府驻格尔木办事处医院,,,tmp/raw/partner/company.csv:T_Base_CooperatCompany,partner_master,legacy_partner_sc_EC8BA0267C2847CAB17E134499A55B9C
legacy_partner_sc_EE4199B4ABD44296BFE660BE2D32DFEC,广汉市公路养护所,company,1,,,,EE4199B4ABD44296BFE660BE2D32DFEC,cooperat_company,广汉市公路养护所,,,tmp/raw/partner/company.csv:T_Base_CooperatCompany,partner_master,legacy_partner_sc_EE4199B4ABD44296BFE660BE2D32DFEC
legacy_partner_sc_EFA599918EA14CEC8FFB6B79FA90DCEA,中江凯兴建设投资有限公司,company,1,,,,EFA599918EA14CEC8FFB6B79FA90DCEA,cooperat_company,中江凯兴建设投资有限公司,,,tmp/raw/partner/company.csv:T_Base_CooperatCompany,partner_master,legacy_partner_sc_EFA599918EA14CEC8FFB6B79FA90DCEA
legacy_partner_sc_F08EEE175F6E4768BA282A88FEC4F79D,攀枝花锦成建设工程有限责任公司,company,1,,,,F08EEE175F6E4768BA282A88FEC4F79D,cooperat_company,攀枝花锦成建设工程有限责任公司,,,tmp/raw/partner/company.csv:T_Base_CooperatCompany,partner_master,legacy_partner_sc_F08EEE175F6E4768BA282A88FEC4F79D
legacy_partner_sc_F14775F79EDE43CF84F80AA2447E7F52,丰都县城市建设资产经营有限责任公司,company,1,,,,F14775F79EDE43CF84F80AA2447E7F52,cooperat_company,丰都县城市建设资产经营有限责任公司,,,tmp/raw/partner/company.csv:T_Base_CooperatCompany,partner_master,legacy_partner_sc_F14775F79EDE43CF84F80AA2447E7F52
legacy_partner_sc_F54FF17811594DF2A0EE645B68C90164,德阳市德远后勤服务有限责任公司,company,1,,,,F54FF17811594DF2A0EE645B68C90164,cooperat_company,德阳市德远后勤服务有限责任公司,,,tmp/raw/partner/company.csv:T_Base_CooperatCompany,partner_master,legacy_partner_sc_F54FF17811594DF2A0EE645B68C90164
legacy_partner_sc_F9086E91C0D54A05BC823A7A28A68523,格尔木盐湖城投资开发有限责任公司,company,1,,,,F9086E91C0D54A05BC823A7A28A68523,cooperat_company,格尔木盐湖城投资开发有限责任公司,,,tmp/raw/partner/company.csv:T_Base_CooperatCompany,partner_master,legacy_partner_sc_F9086E91C0D54A05BC823A7A28A68523
legacy_partner_sc_F94630293A9B48718B56D958B04E3195,德阳市旌阳区黄许镇人民政府,company,1,,,,F94630293A9B48718B56D958B04E3195,cooperat_company,德阳市旌阳区黄许镇人民政府,,,tmp/raw/partner/company.csv:T_Base_CooperatCompany,partner_master,legacy_partner_sc_F94630293A9B48718B56D958B04E3195
legacy_partner_sc_FA3A3C7F73DE468A98C17681A11A8C39,德阳市人力资源和社会保障局,company,1,,,,FA3A3C7F73DE468A98C17681A11A8C39,cooperat_company,德阳市人力资源和社会保障局,,,tmp/raw/partner/company.csv:T_Base_CooperatCompany,partner_master,legacy_partner_sc_FA3A3C7F73DE468A98C17681A11A8C39
legacy_partner_sc_FB0C0B02ED3B492988EB41D0106474DD,德阳第五医院股份有限公司,company,1,,,,FB0C0B02ED3B492988EB41D0106474DD,cooperat_company,德阳第五医院股份有限公司,,,tmp/raw/partner/company.csv:T_Base_CooperatCompany,partner_master,legacy_partner_sc_FB0C0B02ED3B492988EB41D0106474DD
legacy_partner_sc_FDDE1826C41E4D8E95814E3EE331E7B1,中江县御河中学校,company,1,,,,FDDE1826C41E4D8E95814E3EE331E7B1,cooperat_company,中江县御河中学校,,,tmp/raw/partner/company.csv:T_Base_CooperatCompany,partner_master,legacy_partner_sc_FDDE1826C41E4D8E95814E3EE331E7B1
legacy_partner_sc_FEE1881A1743436B918A83DAFA07F39B,汉源县文化体育和旅游局,company,1,,,,FEE1881A1743436B918A83DAFA07F39B,cooperat_company,汉源县文化体育和旅游局,,,tmp/raw/partner/company.csv:T_Base_CooperatCompany,partner_master,legacy_partner_sc_FEE1881A1743436B918A83DAFA07F39B
legacy_partner_sc_FF1FB27380DB4791B057B918A2AB1133,德阳方兴建设有限责任公司,company,1,,,,FF1FB27380DB4791B057B918A2AB1133,cooperat_company,德阳方兴建设有限责任公司,,,tmp/raw/partner/company.csv:T_Base_CooperatCompany,partner_master,legacy_partner_sc_FF1FB27380DB4791B057B918A2AB1133
legacy_partner_sc_FFA32CA80E7941AC9513D523836F956B,国网四川省电力公司德阳供电公司,company,1,,,,FFA32CA80E7941AC9513D523836F956B,cooperat_company,国网四川省电力公司德阳供电公司,,,tmp/raw/partner/company.csv:T_Base_CooperatCompany,partner_master,legacy_partner_sc_FFA32CA80E7941AC9513D523836F956B
legacy_partner_sc_a27b0327b8684c778fdf91c57cee12b3,四川国正建设管理有限公司,company,1,,,,a27b0327b8684c778fdf91c57cee12b3,cooperat_company,四川国正建设管理有限公司,,,tmp/raw/partner/company.csv:T_Base_CooperatCompany,partner_master,legacy_partner_sc_a27b0327b8684c778fdf91c57cee12b3
legacy_partner_sc_a29b73db6fb640618befff9cd5ff3f63,甘肃龙江电力有限责任公司,company,1,,,,a29b73db6fb640618befff9cd5ff3f63,cooperat_company,甘肃龙江电力有限责任公司,,,tmp/raw/partner/company.csv:T_Base_CooperatCompany,partner_master,legacy_partner_sc_a29b73db6fb640618befff9cd5ff3f63
legacy_partner_sc_a2bc26cfe66f4af3926cc4dc9eb1e714,重庆机场集团有限公司,company,1,,,,a2bc26cfe66f4af3926cc4dc9eb1e714,cooperat_company,重庆机场集团有限公司,,,tmp/raw/partner/company.csv:T_Base_CooperatCompany,partner_master,legacy_partner_sc_a2bc26cfe66f4af3926cc4dc9eb1e714
legacy_partner_sc_a314a1b7f80149deaccbde95f9d02937,四川纹江致远建筑开发工程有限公司,company,1,,,,a314a1b7f80149deaccbde95f9d02937,cooperat_company,四川纹江致远建筑开发工程有限公司,,,tmp/raw/partner/company.csv:T_Base_CooperatCompany,partner_master,legacy_partner_sc_a314a1b7f80149deaccbde95f9d02937
legacy_partner_sc_a767ba7cc38b44ce9ae63685c3ce9123,伟宸建设集团有限公司,company,1,,,,a767ba7cc38b44ce9ae63685c3ce9123,cooperat_company,伟宸建设集团有限公司,,,tmp/raw/partner/company.csv:T_Base_CooperatCompany,partner_master,legacy_partner_sc_a767ba7cc38b44ce9ae63685c3ce9123
legacy_partner_sc_a8fc65544b87438aa5ed08c85eb571cd,绵阳皓华光电科技有限公司,company,1,,,,a8fc65544b87438aa5ed08c85eb571cd,cooperat_company,绵阳皓华光电科技有限公司,,,tmp/raw/partner/company.csv:T_Base_CooperatCompany,partner_master,legacy_partner_sc_a8fc65544b87438aa5ed08c85eb571cd
legacy_partner_sc_af92191fafbb4a3db361973efd89ce1e,保利长大工程有限公司,company,1,,,,af92191fafbb4a3db361973efd89ce1e,cooperat_company,保利长大工程有限公司,,,tmp/raw/partner/company.csv:T_Base_CooperatCompany,partner_master,legacy_partner_sc_af92191fafbb4a3db361973efd89ce1e
legacy_partner_sc_b6a2ce1292f140678397a962f8ec0be1,会理县农业农村局,company,1,,,,b6a2ce1292f140678397a962f8ec0be1,cooperat_company,会理县农业农村局,,,tmp/raw/partner/company.csv:T_Base_CooperatCompany,partner_master,legacy_partner_sc_b6a2ce1292f140678397a962f8ec0be1
legacy_partner_sc_bf6a3f3440394de28c3728980930304d,中国人民解放军32038部队,company,1,,,,bf6a3f3440394de28c3728980930304d,cooperat_company,中国人民解放军32038部队,,,tmp/raw/partner/company.csv:T_Base_CooperatCompany,partner_master,legacy_partner_sc_bf6a3f3440394de28c3728980930304d
legacy_partner_sc_bfec2de7f0554e4abad11690efcf2067,中江县住房和城乡建设局,company,1,,,,bfec2de7f0554e4abad11690efcf2067,cooperat_company,中江县住房和城乡建设局,,,tmp/raw/partner/company.csv:T_Base_CooperatCompany,partner_master,legacy_partner_sc_bfec2de7f0554e4abad11690efcf2067
legacy_partner_sc_c07a05307e534aa587bc55b6799e4e36,四川昌意兴建筑劳务有限公司,company,1,,,,c07a05307e534aa587bc55b6799e4e36,cooperat_company,四川昌意兴建筑劳务有限公司,,,tmp/raw/partner/company.csv:T_Base_CooperatCompany,partner_master,legacy_partner_sc_c07a05307e534aa587bc55b6799e4e36
legacy_partner_sc_c2bc8c89f3ef471b99c928f29b7c6a03,德阳禾顺房地产开发有限公司,company,1,,,,c2bc8c89f3ef471b99c928f29b7c6a03,cooperat_company,德阳禾顺房地产开发有限公司,,,tmp/raw/partner/company.csv:T_Base_CooperatCompany,partner_master,legacy_partner_sc_c2bc8c89f3ef471b99c928f29b7c6a03
legacy_partner_sc_c3f25fb75ac346eba6b6fdf5d29ad0c4,德昌县宽裕镇人民政府,company,1,,,,c3f25fb75ac346eba6b6fdf5d29ad0c4,cooperat_company,德昌县宽裕镇人民政府,,,tmp/raw/partner/company.csv:T_Base_CooperatCompany,partner_master,legacy_partner_sc_c3f25fb75ac346eba6b6fdf5d29ad0c4
legacy_partner_sc_d1af09ef518946ee8fc69c6ea614ff3a,中国第二重型机械集团德阳万航模锻有限责任公司,company,1,,,,d1af09ef518946ee8fc69c6ea614ff3a,cooperat_company,中国第二重型机械集团德阳万航模锻有限责任公司,,,tmp/raw/partner/company.csv:T_Base_CooperatCompany,partner_master,legacy_partner_sc_d1af09ef518946ee8fc69c6ea614ff3a
legacy_partner_sc_d2f18c551fbe4e4580e5aad1f786a8ee,射洪县涪江土地开发整理有限责任公司,company,1,,,,d2f18c551fbe4e4580e5aad1f786a8ee,cooperat_company,射洪县涪江土地开发整理有限责任公司,,,tmp/raw/partner/company.csv:T_Base_CooperatCompany,partner_master,legacy_partner_sc_d2f18c551fbe4e4580e5aad1f786a8ee
legacy_partner_sc_d48cf1c25e744a828865ad201dbf2144,蓬溪县鸿源投资有限责任公司,company,1,,,,d48cf1c25e744a828865ad201dbf2144,cooperat_company,蓬溪县鸿源投资有限责任公司,,,tmp/raw/partner/company.csv:T_Base_CooperatCompany,partner_master,legacy_partner_sc_d48cf1c25e744a828865ad201dbf2144
legacy_partner_sc_d6ff7c74e74f46c089c17b979561f20b,青海省玉树公路路政执法支队,company,1,,,,d6ff7c74e74f46c089c17b979561f20b,cooperat_company,青海省玉树公路路政执法支队,,,tmp/raw/partner/company.csv:T_Base_CooperatCompany,partner_master,legacy_partner_sc_d6ff7c74e74f46c089c17b979561f20b
legacy_partner_sc_d921467731084df981610455c95f2957,德阳建设工程集团有限公司,company,1,,,,d921467731084df981610455c95f2957,cooperat_company,德阳建设工程集团有限公司,,,tmp/raw/partner/company.csv:T_Base_CooperatCompany,partner_master,legacy_partner_sc_d921467731084df981610455c95f2957
legacy_partner_sc_dbe2e49cb22c4a9896a56365049aa72a,古蔺县水务局,company,1,,,,dbe2e49cb22c4a9896a56365049aa72a,cooperat_company,古蔺县水务局,,,tmp/raw/partner/company.csv:T_Base_CooperatCompany,partner_master,legacy_partner_sc_dbe2e49cb22c4a9896a56365049aa72a
legacy_partner_sc_dc645489e3ec4bf19d71e4904d794d66,广元市朝天区城乡规划建设和住房保障局,company,1,,,,dc645489e3ec4bf19d71e4904d794d66,cooperat_company,广元市朝天区城乡规划建设和住房保障局,,,tmp/raw/partner/company.csv:T_Base_CooperatCompany,partner_master,legacy_partner_sc_dc645489e3ec4bf19d71e4904d794d66
legacy_partner_sc_dc6823036dd74bd88c5610fb86e64fff,四川建设发展股份有限公司,company,1,,,,dc6823036dd74bd88c5610fb86e64fff,cooperat_company,四川建设发展股份有限公司,,,tmp/raw/partner/company.csv:T_Base_CooperatCompany,partner_master,legacy_partner_sc_dc6823036dd74bd88c5610fb86e64fff
legacy_partner_sc_de54373fa545462b898cae59e05ef9cd,巫山县大昌镇人民政府,company,1,,,,de54373fa545462b898cae59e05ef9cd,cooperat_company,巫山县大昌镇人民政府,,,tmp/raw/partner/company.csv:T_Base_CooperatCompany,partner_master,legacy_partner_sc_de54373fa545462b898cae59e05ef9cd
legacy_partner_sc_deeeafcc916347f382bbc93978993055,德阳旌信城市管理服务股份有限公司,company,1,,,,deeeafcc916347f382bbc93978993055,cooperat_company,德阳旌信城市管理服务股份有限公司,,,tmp/raw/partner/company.csv:T_Base_CooperatCompany,partner_master,legacy_partner_sc_deeeafcc916347f382bbc93978993055
legacy_partner_sc_e249991c7cc340029456adeb0ed58349,剑阁县鹤龄镇人民政府,company,1,,,,e249991c7cc340029456adeb0ed58349,cooperat_company,剑阁县鹤龄镇人民政府,,,tmp/raw/partner/company.csv:T_Base_CooperatCompany,partner_master,legacy_partner_sc_e249991c7cc340029456adeb0ed58349
legacy_partner_sc_e34c4e3705d94e20ba58ff0a323d98fa,中铁八局集团有限公司,company,1,,,,e34c4e3705d94e20ba58ff0a323d98fa,cooperat_company,中铁八局集团有限公司,,,tmp/raw/partner/company.csv:T_Base_CooperatCompany,partner_master,legacy_partner_sc_e34c4e3705d94e20ba58ff0a323d98fa
legacy_partner_sc_e4dff24ce134404da9abda69a5c16cf1,什邡市恒升实业有限公司,company,1,,,,e4dff24ce134404da9abda69a5c16cf1,cooperat_company,什邡市恒升实业有限公司,,,tmp/raw/partner/company.csv:T_Base_CooperatCompany,partner_master,legacy_partner_sc_e4dff24ce134404da9abda69a5c16cf1
legacy_partner_sc_e4e03480425f42f2874e5057411f891e,中国石油天然气股份有限公司青海销售分公司,company,1,,,,e4e03480425f42f2874e5057411f891e,cooperat_company,中国石油天然气股份有限公司青海销售分公司,,,tmp/raw/partner/company.csv:T_Base_CooperatCompany,partner_master,legacy_partner_sc_e4e03480425f42f2874e5057411f891e
legacy_partner_sc_e85ea746b8034726bb027effaba04918,平武县民政局,company,1,,,,e85ea746b8034726bb027effaba04918,cooperat_company,平武县民政局,,,tmp/raw/partner/company.csv:T_Base_CooperatCompany,partner_master,legacy_partner_sc_e85ea746b8034726bb027effaba04918
legacy_partner_sc_e8a2a9c209734fa9ad96d96618968e0a,成都煜嘉建筑工程有限公司,company,1,,,,e8a2a9c209734fa9ad96d96618968e0a,cooperat_company,成都煜嘉建筑工程有限公司,,,tmp/raw/partner/company.csv:T_Base_CooperatCompany,partner_master,legacy_partner_sc_e8a2a9c209734fa9ad96d96618968e0a
legacy_partner_sc_e8f65a60e7e742c78c9f1b9dda4f46be,射洪市仁和镇初级中学校,company,1,,,,e8f65a60e7e742c78c9f1b9dda4f46be,cooperat_company,射洪市仁和镇初级中学校,,,tmp/raw/partner/company.csv:T_Base_CooperatCompany,partner_master,legacy_partner_sc_e8f65a60e7e742c78c9f1b9dda4f46be
legacy_partner_sc_e99e7c77c4e64ed2ae2bbc2ffc4c8265,德阳大参林投资有限公司,company,1,,,,e99e7c77c4e64ed2ae2bbc2ffc4c8265,cooperat_company,德阳大参林投资有限公司,,,tmp/raw/partner/company.csv:T_Base_CooperatCompany,partner_master,legacy_partner_sc_e99e7c77c4e64ed2ae2bbc2ffc4c8265
legacy_partner_sc_ea472822392241a6b4142e92ff851832,重庆市渝北区双龙水库管理所,company,1,,,,ea472822392241a6b4142e92ff851832,cooperat_company,重庆市渝北区双龙水库管理所,,,tmp/raw/partner/company.csv:T_Base_CooperatCompany,partner_master,legacy_partner_sc_ea472822392241a6b4142e92ff851832
legacy_partner_sc_eb39e14be2434a5fbdb033d2098103de,二重（德阳）重型装备有限公司,company,1,,,,eb39e14be2434a5fbdb033d2098103de,cooperat_company,二重（德阳）重型装备有限公司,,,tmp/raw/partner/company.csv:T_Base_CooperatCompany,partner_master,legacy_partner_sc_eb39e14be2434a5fbdb033d2098103de
legacy_partner_sc_f4d9c4dc096448f3ad1c5d2149697757,中铁十八局集团有限公司巴中恩阳临港产业园项目经理部,company,1,,,,f4d9c4dc096448f3ad1c5d2149697757,cooperat_company,中铁十八局集团有限公司巴中恩阳临港产业园项目经理部,,,tmp/raw/partner/company.csv:T_Base_CooperatCompany,partner_master,legacy_partner_sc_f4d9c4dc096448f3ad1c5d2149697757
legacy_partner_sc_f9a7f16fae674681bea98fe3fb33a41f,重庆市渝北区石船镇人民政府,company,1,,,,f9a7f16fae674681bea98fe3fb33a41f,cooperat_company,重庆市渝北区石船镇人民政府,,,tmp/raw/partner/company.csv:T_Base_CooperatCompany,partner_master,legacy_partner_sc_f9a7f16fae674681bea98fe3fb33a41f
legacy_partner_sc_fa6c17afaa9d48ebaa4a4b1fc09e352d,旌阳区双东镇东美村股份经济合作联合社,company,1,,,,fa6c17afaa9d48ebaa4a4b1fc09e352d,cooperat_company,旌阳区双东镇东美村股份经济合作联合社,,,tmp/raw/partner/company.csv:T_Base_CooperatCompany,partner_master,legacy_partner_sc_fa6c17afaa9d48ebaa4a4b1fc09e352d
legacy_partner_sc_fc26268a4a41497692d5d06f5e975145,重庆江北国际机场有限公司,company,1,,,,fc26268a4a41497692d5d06f5e975145,cooperat_company,重庆江北国际机场有限公司,,,tmp/raw/partner/company.csv:T_Base_CooperatCompany,partner_master,legacy_partner_sc_fc26268a4a41497692d5d06f5e975145
legacy_partner_sc_fc6e819bc4f1486eae8ae80bc48d50d0,成都环境水务建设有限公司,company,1,,,,fc6e819bc4f1486eae8ae80bc48d50d0,cooperat_company,成都环境水务建设有限公司,,,tmp/raw/partner/company.csv:T_Base_CooperatCompany,partner_master,legacy_partner_sc_fc6e819bc4f1486eae8ae80bc48d50d0
legacy_partner_sc_ffc69b4cd87145538d3ea60ef1227439,拉萨市柳梧新区管理委员会,company,1,,,,ffc69b4cd87145538d3ea60ef1227439,cooperat_company,拉萨市柳梧新区管理委员会,,,tmp/raw/partner/company.csv:T_Base_CooperatCompany,partner_master,legacy_partner_sc_ffc69b4cd87145538d3ea60ef1227439
legacy_receipt_counterparty_sc_a5fa6ad2cc8441aba4e530e84c4e4db6,刘罗华,person,0,,,,a5fa6ad2cc8441aba4e530e84c4e4db6,receipt_counterparty,刘罗华,,,tmp/raw/receipt/receipt.csv:WLDWID/WLDWMC,receipt_counterparty,legacy_receipt_counterparty_sc_a5fa6ad2cc8441aba4e530e84c4e4db6
